[
    {
        "parameters": {
            "max_features": "auto", 
            "min_samples_split": 3, 
            "n_estimators": 100, 
            "max_depth": 16, 
            "min_samples_leaf": 1
        }, 
        "score_time": 590, 
        "test_score": 0.878005249343832, 
        "fit_time": 3685, 
        "num_samples": 1243, 
        "best_iteration": null, 
        "train_score": 0.9991925476770894, 
        "parameter_id": 1, 
        "time": 4275, 
        "done_at": 1528273023927, 
        "grid_point_id": "{\"max_features\": \"auto\", \"min_samples_split\": 3, \"n_estimators\": 100, \"max_depth\": 16, \"min_samples_leaf\": 1}@0"
    }, 
    {
        "parameters": {
            "max_features": "auto", 
            "min_samples_split": 3, 
            "n_estimators": 100, 
            "max_depth": 6, 
            "min_samples_leaf": 1
        }, 
        "score_time": 708, 
        "test_score": 0.8754943132108486, 
        "fit_time": 3574, 
        "num_samples": 1243, 
        "best_iteration": null, 
        "train_score": 0.9588980365927712, 
        "parameter_id": 0, 
        "time": 4282, 
        "done_at": 1528273023915, 
        "grid_point_id": "{\"max_features\": \"auto\", \"min_samples_split\": 3, \"n_estimators\": 100, \"max_depth\": 6, \"min_samples_leaf\": 1}@0"
    }, 
    {
        "parameters": {
            "max_features": "auto", 
            "min_samples_split": 3, 
            "n_estimators": 100, 
            "max_depth": 16, 
            "min_samples_leaf": 1
        }, 
        "score_time": 679, 
        "test_score": 0.87922942206655, 
        "fit_time": 3561, 
        "num_samples": 1242, 
        "best_iteration": null, 
        "train_score": 0.9989993732337838, 
        "parameter_id": 1, 
        "time": 4240, 
        "done_at": 1528273023910, 
        "grid_point_id": "{\"max_features\": \"auto\", \"min_samples_split\": 3, \"n_estimators\": 100, \"max_depth\": 16, \"min_samples_leaf\": 1}@1"
    }, 
    {
        "parameters": {
            "max_features": "auto", 
            "min_samples_split": 3, 
            "n_estimators": 100, 
            "max_depth": 6, 
            "min_samples_leaf": 1
        }, 
        "score_time": 610, 
        "test_score": 0.8773063383396134, 
        "fit_time": 3488, 
        "num_samples": 1241, 
        "best_iteration": null, 
        "train_score": 0.9560065645514224, 
        "parameter_id": 0, 
        "time": 4098, 
        "done_at": 1528273023741, 
        "grid_point_id": "{\"max_features\": \"auto\", \"min_samples_split\": 3, \"n_estimators\": 100, \"max_depth\": 6, \"min_samples_leaf\": 1}@2"
    }, 
    {
        "parameters": {
            "max_features": "auto", 
            "min_samples_split": 3, 
            "n_estimators": 100, 
            "max_depth": 16, 
            "min_samples_leaf": 1
        }, 
        "score_time": 606, 
        "test_score": 0.879336269879177, 
        "fit_time": 3628, 
        "num_samples": 1241, 
        "best_iteration": null, 
        "train_score": 0.9993544857768053, 
        "parameter_id": 1, 
        "time": 4234, 
        "done_at": 1528273023923, 
        "grid_point_id": "{\"max_features\": \"auto\", \"min_samples_split\": 3, \"n_estimators\": 100, \"max_depth\": 16, \"min_samples_leaf\": 1}@2"
    }, 
    {
        "parameters": {
            "max_features": "auto", 
            "min_samples_split": 3, 
            "n_estimators": 100, 
            "max_depth": 6, 
            "min_samples_leaf": 1
        }, 
        "score_time": 718, 
        "test_score": 0.8850131348511383, 
        "fit_time": 3439, 
        "num_samples": 1242, 
        "best_iteration": null, 
        "train_score": 0.9534378676753571, 
        "parameter_id": 0, 
        "time": 4157, 
        "done_at": 1528273023799, 
        "grid_point_id": "{\"max_features\": \"auto\", \"min_samples_split\": 3, \"n_estimators\": 100, \"max_depth\": 6, \"min_samples_leaf\": 1}@1"
    }
]