{
  "state": "DONE",
  "postSearchDescription": {
    "importantParams": [
      {
        "name": "trees",
        "val": "100"
      },
      {
        "name": "depth",
        "val": "6"
      },
      {
        "name": "min_samples",
        "val": "1"
      }
    ]
  },
  "sampleWeightsEnabled": false,
  "progress": {
    "top_level_todo": [],
    "stack": [],
    "top_level_done": [
      {
        "name": "Loading train set",
        "time": 50
      },
      {
        "name": "Loading test set",
        "time": 30
      },
      {
        "name": "Collecting preprocessing data",
        "time": 64
      },
      {
        "name": "Preprocessing train set",
        "time": 76
      },
      {
        "name": "Preprocessing test set",
        "time": 69
      },
      {
        "name": "Grid searching",
        "time": 5087
      },
      {
        "name": "Fitting model",
        "time": 460
      },
      {
        "name": "Saving model",
        "time": 36
      },
      {
        "name": "Scoring model",
        "time": 979
      }
    ]
  },
  "startTime": 1528273019310,
  "endTime": 1528273026164,
  "preprocessingTime": 0,
  "trainingTime": 6854
}