[
    {
        "parameters": {
            "max_features": "auto", 
            "min_samples_split": 3, 
            "n_estimators": 100, 
            "max_depth": 16, 
            "min_samples_leaf": 1
        }, 
        "score_time": 924, 
        "test_score": 0.8746743095362168, 
        "fit_time": 2901, 
        "num_samples": 1241, 
        "best_iteration": null, 
        "train_score": 0.9993523959192308, 
        "parameter_id": 1, 
        "time": 3825, 
        "done_at": 1528065122970, 
        "grid_point_id": "{\"max_features\": \"auto\", \"min_samples_split\": 3, \"n_estimators\": 100, \"max_depth\": 16, \"min_samples_leaf\": 1}@2"
    }, 
    {
        "parameters": {
            "max_features": "auto", 
            "min_samples_split": 3, 
            "n_estimators": 100, 
            "max_depth": 16, 
            "min_samples_leaf": 1
        }, 
        "score_time": 442, 
        "test_score": 0.8836203192933615, 
        "fit_time": 4077, 
        "num_samples": 1243, 
        "best_iteration": null, 
        "train_score": 0.9989647583785121, 
        "parameter_id": 1, 
        "time": 4519, 
        "done_at": 1528065123643, 
        "grid_point_id": "{\"max_features\": \"auto\", \"min_samples_split\": 3, \"n_estimators\": 100, \"max_depth\": 16, \"min_samples_leaf\": 1}@0"
    }, 
    {
        "parameters": {
            "max_features": "auto", 
            "min_samples_split": 3, 
            "n_estimators": 100, 
            "max_depth": 6, 
            "min_samples_leaf": 1
        }, 
        "score_time": 759, 
        "test_score": 0.8802048426732656, 
        "fit_time": 3465, 
        "num_samples": 1243, 
        "best_iteration": null, 
        "train_score": 0.9562485621644146, 
        "parameter_id": 0, 
        "time": 4224, 
        "done_at": 1528065123327, 
        "grid_point_id": "{\"max_features\": \"auto\", \"min_samples_split\": 3, \"n_estimators\": 100, \"max_depth\": 6, \"min_samples_leaf\": 1}@0"
    }, 
    {
        "parameters": {
            "max_features": "auto", 
            "min_samples_split": 3, 
            "n_estimators": 100, 
            "max_depth": 16, 
            "min_samples_leaf": 1
        }, 
        "score_time": 453, 
        "test_score": 0.858730833644276, 
        "fit_time": 4074, 
        "num_samples": 1242, 
        "best_iteration": null, 
        "train_score": 0.9991836611286641, 
        "parameter_id": 1, 
        "time": 4527, 
        "done_at": 1528065123667, 
        "grid_point_id": "{\"max_features\": \"auto\", \"min_samples_split\": 3, \"n_estimators\": 100, \"max_depth\": 16, \"min_samples_leaf\": 1}@1"
    }, 
    {
        "parameters": {
            "max_features": "auto", 
            "min_samples_split": 3, 
            "n_estimators": 100, 
            "max_depth": 6, 
            "min_samples_leaf": 1
        }, 
        "score_time": 449, 
        "test_score": 0.8859171443460135, 
        "fit_time": 4101, 
        "num_samples": 1241, 
        "best_iteration": null, 
        "train_score": 0.954744347495715, 
        "parameter_id": 0, 
        "time": 4550, 
        "done_at": 1528065123658, 
        "grid_point_id": "{\"max_features\": \"auto\", \"min_samples_split\": 3, \"n_estimators\": 100, \"max_depth\": 6, \"min_samples_leaf\": 1}@2"
    }, 
    {
        "parameters": {
            "max_features": "auto", 
            "min_samples_split": 3, 
            "n_estimators": 100, 
            "max_depth": 6, 
            "min_samples_leaf": 1
        }, 
        "score_time": 450, 
        "test_score": 0.8593339176161261, 
        "fit_time": 4111, 
        "num_samples": 1242, 
        "best_iteration": null, 
        "train_score": 0.9585772811596331, 
        "parameter_id": 0, 
        "time": 4561, 
        "done_at": 1528065123666, 
        "grid_point_id": "{\"max_features\": \"auto\", \"min_samples_split\": 3, \"n_estimators\": 100, \"max_depth\": 6, \"min_samples_leaf\": 1}@1"
    }
]