{
    "gridSize": 2, 
    "nThreads": 8, 
    "metric": "ROC_AUC", 
    "gridPoints": [
        {
            "index": 0, 
            "finishedAt": 1528065123666.0, 
            "score": 0.87515043511956536, 
            "parameters": {
                "max_features": "auto", 
                "min_samples_split": 3, 
                "n_estimators": 100, 
                "max_depth": 6, 
                "min_samples_leaf": 1
            }, 
            "time": 13335.0
        }, 
        {
            "index": 1, 
            "finishedAt": 1528065123667.0, 
            "score": 0.87233941985581587, 
            "parameters": {
                "max_features": "auto", 
                "min_samples_split": 3, 
                "n_estimators": 100, 
                "max_depth": 16, 
                "min_samples_leaf": 1
            }, 
            "time": 12871.0
        }
    ], 
    "startedAt": 1528065119088, 
    "nSplits": 3
}