{
    "usedGridSearch": true, 
    "probaAware": true, 
    "gridSize": 2, 
    "rawImportance": {
        "variables": [
            "AddressAccuracy", 
            "Block", 
            "Date_parsed", 
            "Day_number", 
            "Latitude", 
            "Longitude", 
            "NumMosquitos_sum", 
            "count", 
            "daylight_time", 
            "weather_AvgSpeed", 
            "weather_Cool", 
            "weather_Depart", 
            "weather_DewPoint", 
            "weather_Heat", 
            "weather_PrecipTotal", 
            "weather_ResultDir", 
            "weather_ResultSpeed", 
            "weather_SeaLevel", 
            "weather_SnowFall", 
            "weather_StnPressure", 
            "weather_Sunset", 
            "weather_Tavg", 
            "weather_Tmax", 
            "weather_Tmin", 
            "weather_WetBulb", 
            "year", 
            "dummy:weather_Sunrise:0416", 
            "dummy:weather_Sunrise:0528", 
            "dummy:weather_Sunrise:0417", 
            "dummy:weather_Sunrise:0419", 
            "dummy:weather_Sunrise:0459", 
            "dummy:weather_Sunrise:0445", 
            "dummy:weather_Sunrise:0451", 
            "dummy:weather_Sunrise:0438", 
            "dummy:weather_Sunrise:0426", 
            "dummy:weather_Sunrise:0418", 
            "dummy:weather_Sunrise:0536", 
            "dummy:weather_Sunrise:0509", 
            "dummy:weather_Sunrise:0506", 
            "dummy:weather_Sunrise:0433", 
            "dummy:weather_Sunrise:0552", 
            "dummy:weather_Sunrise:0505", 
            "dummy:weather_Sunrise:0452", 
            "dummy:weather_Sunrise:0541", 
            "dummy:weather_Sunrise:0429", 
            "dummy:weather_Sunrise:0427", 
            "dummy:weather_Sunrise:0542", 
            "dummy:weather_Sunrise:0514", 
            "dummy:weather_Sunrise:0522", 
            "dummy:weather_Sunrise:0532", 
            "dummy:weather_Sunrise:0440", 
            "dummy:weather_Sunrise:0503", 
            "dummy:weather_Sunrise:0432", 
            "dummy:weather_Sunrise:0449", 
            "dummy:weather_Sunrise:0543", 
            "dummy:weather_Sunrise:0424", 
            "dummy:weather_Sunrise:0533", 
            "dummy:weather_Sunrise:0540", 
            "dummy:weather_Sunrise:0444", 
            "dummy:weather_Sunrise:0456", 
            "dummy:weather_Sunrise:0423", 
            "dummy:weather_Sunrise:0535", 
            "dummy:weather_Sunrise:0421", 
            "dummy:weather_Sunrise:0530", 
            "dummy:weather_Sunrise:0457", 
            "dummy:weather_Sunrise:0420", 
            "dummy:weather_Sunrise:0425", 
            "dummy:weather_Sunrise:0517", 
            "dummy:weather_Sunrise:0437", 
            "dummy:weather_Sunrise:0548", 
            "dummy:weather_Sunrise:0547", 
            "dummy:weather_Sunrise:0512", 
            "dummy:weather_Sunrise:0521", 
            "dummy:weather_Sunrise:0519", 
            "dummy:weather_Sunrise:0513", 
            "dummy:weather_Sunrise:0501", 
            "dummy:weather_Sunrise:0453", 
            "dummy:weather_Sunrise:0500", 
            "dummy:weather_CodeSum:RA BR", 
            "dummy:weather_CodeSum:RA", 
            "dummy:weather_CodeSum:HZ", 
            "dummy:weather_CodeSum:TSRA RA BR", 
            "dummy:weather_CodeSum:BR HZ", 
            "dummy:weather_CodeSum:BR", 
            "dummy:weather_CodeSum:TSRA RA", 
            "dummy:weather_CodeSum:RA BR HZ", 
            "dummy:weather_CodeSum:TS TSRA RA FG BR HZ", 
            "dummy:weather_CodeSum:TS BR", 
            "dummy:weather_CodeSum:TSRA RA BR VCTS", 
            "dummy:weather_CodeSum:RA DZ BR", 
            "dummy:weather_CodeSum:TS TSRA BR", 
            "dummy:weather_CodeSum:TSRA BR HZ VCTS", 
            "dummy:weather_CodeSum:TS TSRA RA", 
            "dummy:weather_CodeSum:N/A", 
            "dummy:Date:2007-08-15", 
            "dummy:Date:2007-08-01", 
            "dummy:Date:2007-08-24", 
            "dummy:Date:2007-10-04", 
            "dummy:Date:2007-08-21", 
            "dummy:Date:2007-09-12", 
            "dummy:Date:2007-09-24", 
            "dummy:Date:2013-08-08", 
            "dummy:Date:2007-07-11", 
            "dummy:Date:2011-08-26", 
            "dummy:Date:2013-07-12", 
            "dummy:Date:2011-07-15", 
            "dummy:Date:2013-09-12", 
            "dummy:Date:2013-07-25", 
            "dummy:Date:2013-07-19", 
            "dummy:Date:2013-09-19", 
            "dummy:Date:2013-08-15", 
            "dummy:Date:2013-08-29", 
            "dummy:Date:2013-08-22", 
            "dummy:Date:2011-09-16", 
            "dummy:Date:2013-08-01", 
            "dummy:Date:2013-06-14", 
            "dummy:Date:2013-06-21", 
            "dummy:Date:2007-07-18", 
            "dummy:Date:2011-08-19", 
            "dummy:Date:2011-08-05", 
            "dummy:Date:2013-09-26", 
            "dummy:Date:2013-09-06", 
            "dummy:Date:2013-07-08", 
            "dummy:Date:2011-06-30", 
            "dummy:Date:2011-07-25", 
            "dummy:Date:2011-07-11", 
            "dummy:Date:2009-09-17", 
            "dummy:Date:2009-09-25", 
            "dummy:Date:2009-07-17", 
            "dummy:Date:2011-09-23", 
            "dummy:Date:2011-09-12", 
            "dummy:Date:2011-06-17", 
            "dummy:Date:2009-08-07", 
            "dummy:Date:2011-08-12", 
            "dummy:Date:2009-07-06", 
            "dummy:Date:2007-09-18", 
            "dummy:Date:2013-06-07", 
            "dummy:Date:2011-06-24", 
            "dummy:Date:2009-09-14", 
            "dummy:Date:2007-09-19", 
            "dummy:Date:2007-09-04", 
            "dummy:Date:2009-08-13", 
            "dummy:Date:2009-06-02", 
            "dummy:Date:2009-06-19", 
            "dummy:Date:2007-07-27", 
            "dummy:Date:2007-07-02", 
            "dummy:Date:2009-08-25", 
            "dummy:Date:2009-07-10", 
            "dummy:Date:2009-06-12", 
            "dummy:Date:2009-06-05", 
            "dummy:Date:2013-06-27", 
            "dummy:Date:2009-06-26", 
            "dummy:Date:2011-09-01", 
            "dummy:Date:2009-10-01", 
            "dummy:Date:2009-07-24", 
            "dummy:Date:2011-09-30", 
            "dummy:Date:2007-06-29", 
            "dummy:Date:2007-09-05", 
            "dummy:Date:2013-06-28", 
            "dummy:Date:2007-08-22", 
            "dummy:Date:2009-07-27", 
            "dummy:Date:2011-09-02", 
            "dummy:Date:2009-07-13", 
            "dummy:Date:2007-08-28", 
            "dummy:Date:2007-08-17", 
            "dummy:Date:2007-08-08", 
            "dummy:Trap:T003", 
            "dummy:Trap:T135", 
            "dummy:Trap:T115", 
            "dummy:Trap:T031", 
            "dummy:Trap:T090", 
            "dummy:Trap:T002", 
            "dummy:Trap:T047", 
            "dummy:Trap:T151", 
            "dummy:Trap:T138", 
            "dummy:Trap:T158", 
            "dummy:Trap:T220", 
            "dummy:Trap:T028", 
            "dummy:Trap:T152", 
            "dummy:Trap:T011", 
            "dummy:Trap:T039", 
            "dummy:Trap:T046", 
            "dummy:Trap:T074", 
            "dummy:Trap:T033", 
            "dummy:Trap:T048", 
            "dummy:Trap:T073", 
            "dummy:Trap:T212", 
            "dummy:Trap:T054", 
            "dummy:Trap:T209", 
            "dummy:Trap:T145", 
            "dummy:Trap:T114", 
            "dummy:Trap:T066", 
            "dummy:Trap:T008", 
            "dummy:Trap:T030", 
            "dummy:Trap:T900", 
            "dummy:Trap:T094", 
            "dummy:Trap:T049", 
            "dummy:Trap:T082", 
            "dummy:Trap:T013", 
            "dummy:Trap:T009", 
            "dummy:Trap:T095", 
            "dummy:Trap:T102", 
            "dummy:Trap:T012", 
            "dummy:Trap:T159", 
            "dummy:Trap:T017", 
            "dummy:Trap:T155", 
            "dummy:Trap:T147", 
            "dummy:Trap:T089", 
            "dummy:Trap:T063", 
            "dummy:Trap:T061", 
            "dummy:Trap:T062", 
            "dummy:Trap:T221", 
            "dummy:Trap:T083", 
            "dummy:Trap:T079", 
            "dummy:Trap:T065", 
            "dummy:Trap:T069", 
            "dummy:Trap:T080", 
            "dummy:Trap:T027", 
            "dummy:Trap:T903", 
            "dummy:Trap:T225", 
            "dummy:Trap:T230", 
            "dummy:Trap:T018", 
            "dummy:Trap:T035", 
            "dummy:Trap:T218", 
            "dummy:Trap:T160", 
            "dummy:Trap:T226", 
            "dummy:Trap:T200", 
            "dummy:Trap:T223", 
            "dummy:Trap:T224", 
            "dummy:Trap:T228", 
            "dummy:Trap:T232", 
            "dummy:Trap:T227", 
            "dummy:Trap:T148", 
            "dummy:Trap:T222", 
            "dummy:Trap:T099", 
            "dummy:Trap:T235", 
            "dummy:Trap:T081", 
            "dummy:Trap:T016", 
            "dummy:Trap:T077", 
            "dummy:Trap:T233", 
            "dummy:Trap:T086", 
            "dummy:Trap:T231", 
            "dummy:Trap:T091", 
            "dummy:Trap:T085", 
            "dummy:Trap:T015", 
            "dummy:Trap:T019", 
            "dummy:Trap:T107", 
            "dummy:Trap:T161", 
            "dummy:Trap:__Others__", 
            "dummy:Street:S ASHLAND AVE", 
            "dummy:Street:N PULASKI RD", 
            "dummy:Street:W 51ST ST", 
            "dummy:Street:S STONY ISLAND AVE", 
            "dummy:Street:N OAK PARK AVE", 
            "dummy:Street:W 95TH ST", 
            "dummy:Street:N MILWAUKEE AVE", 
            "dummy:Street:W 127TH PL", 
            "dummy:Street:S CENTRAL AVE", 
            "dummy:Street:S DOTY AVE", 
            "dummy:Street:S KEDZIE AVE", 
            "dummy:Street:S CALIFORNIA", 
            "dummy:Street:W ARMITAGE AVENUE", 
            "dummy:Street:W 116TH ST", 
            "dummy:Street:N WESTERN AVE", 
            "dummy:Street:N CAMPBELL AVE", 
            "dummy:Street:N CANNON DR", 
            "dummy:Street:S MILLARD AVE", 
            "dummy:Street:W GRAND AVE", 
            "dummy:Street:N PITTSBURGH AVE", 
            "dummy:Street:E 118TH ST", 
            "dummy:Street:N HUMBOLDT DR", 
            "dummy:Street:E 67TH ST", 
            "dummy:Street:W ROOSEVELT", 
            "dummy:Street:S KOLMAR", 
            "dummy:Street:N ASHLAND AVE OVERPASS", 
            "dummy:Street:E 105TH ST", 
            "dummy:Street:S BRANDON", 
            "dummy:Street:W CHICAGO", 
            "dummy:Street:N CENTRAL PARK DR", 
            "dummy:Street:N MOSELL AVE", 
            "dummy:Street:W OHARE AIRPORT", 
            "dummy:Street:W 104TH ST", 
            "dummy:Street:W FULLERTON AVE", 
            "dummy:Street:S UNION AVE", 
            "dummy:Street:N LEMONT AVE", 
            "dummy:Street:S COTTAGE GROVE", 
            "dummy:Street:W MONTROSE DR", 
            "dummy:Street:W 64TH ST", 
            "dummy:Street:S CARPENTER ST", 
            "dummy:Street:N FRANCISCO AVE", 
            "dummy:Street:S PULASKI RD", 
            "dummy:Street:E 130TH ST", 
            "dummy:Street:S CHICAGO AVE", 
            "dummy:Street:S SOUTH SHORE DR", 
            "dummy:Street:W 63RD ST", 
            "dummy:Street:W OHARE", 
            "dummy:Street:S EBERHART AVE", 
            "dummy:Street:S KOSTNER AVE", 
            "dummy:Street:N LARAMIE AVE", 
            "dummy:Street:W GREENLEAF AVE", 
            "dummy:Street:S ARTESIAN AVE", 
            "dummy:Street:W HIGGINS RD", 
            "dummy:Street:S TORRENCE AVE", 
            "dummy:Street:W GARFIELD BLVD", 
            "dummy:Street:N MONT CLARE AVE", 
            "dummy:Street:W 18TH ST", 
            "dummy:Street:W ADDISON ST", 
            "dummy:Street:N SPRINGFIELD AVE", 
            "dummy:Street:N ASHLAND AVE", 
            "dummy:Street:N RUTHERFORD AVE", 
            "dummy:Street:W 65TH ST", 
            "dummy:Street:S MUSKEGON AVE", 
            "dummy:Street:S DEARBORN ST", 
            "dummy:Street:W 72ND ST", 
            "dummy:Street:N OKETO AVE", 
            "dummy:Street:S HOYNE AVE", 
            "dummy:Street:N HARLEM AVE", 
            "dummy:Street:N LONG AVE", 
            "dummy:Street:W 113TH ST", 
            "dummy:Street:N RIDGE AVE", 
            "dummy:Street:N MCCLELLAN AVE", 
            "dummy:Street:W WEBSTER AVE", 
            "dummy:Street:W FARWELL AVE", 
            "dummy:Street:S PEORIA ST", 
            "dummy:Street:W 89TH ST", 
            "dummy:Street:S DR MARTIN LUTHER KING JR DR", 
            "dummy:Street:N CALIFORNIA AVE", 
            "dummy:Street:W FOSTER AVE", 
            "dummy:Street:E 91ST ST", 
            "dummy:Street:N LAWLER AVE", 
            "dummy:Street:W STRONG ST", 
            "dummy:Street:N AVONDALE AVE", 
            "dummy:Street:__Others__", 
            "dummy:position:POINT(-87.757639 41.964242)", 
            "dummy:position:POINT(-87.724608 41.662014)", 
            "dummy:position:POINT(-87.599862 41.673408)", 
            "dummy:position:POINT(-87.763416 41.801498)", 
            "dummy:position:POINT(-87.666901 41.868077)", 
            "dummy:position:POINT(-87.696269 41.868142)", 
            "dummy:position:POINT(-87.800991 41.95469)", 
            "dummy:position:POINT(-87.800515 41.916265)", 
            "dummy:position:POINT(-87.585413 41.726465)", 
            "dummy:position:POINT(-87.69181 41.963976)", 
            "dummy:position:POINT(-87.689778 41.986921)", 
            "dummy:position:POINT(-87.707973 41.682587)", 
            "dummy:position:POINT(-87.716277 41.846075)", 
            "dummy:position:POINT(-87.654491 41.891118)", 
            "dummy:position:POINT(-87.726737 41.911824)", 
            "dummy:position:POINT(-87.666343 41.822536)", 
            "dummy:position:POINT(-87.832763 41.944869)", 
            "dummy:position:POINT(-87.535198 41.680946)", 
            "dummy:position:POINT(-87.60088 41.773215)", 
            "dummy:position:POINT(-87.546587 41.740641)", 
            "dummy:position:POINT(-87.565666 41.704572)", 
            "dummy:position:POINT(-87.736812 41.798697)", 
            "dummy:position:POINT(-87.703047 41.77166)", 
            "dummy:position:POINT(-87.629798 41.878114)", 
            "dummy:position:POINT(-87.632085 41.921965)", 
            "dummy:position:POINT(-87.777921 42.008314)", 
            "dummy:position:POINT(-87.716788 41.89923)", 
            "dummy:position:POINT(-87.890615 41.974689)", 
            "dummy:position:POINT(-87.666014 41.720848)", 
            "dummy:position:POINT(-87.785288 41.923738)", 
            "dummy:position:POINT(-87.703736 41.704336)", 
            "dummy:position:POINT(-87.605294 41.750498)", 
            "dummy:position:POINT(-87.778927 41.776156)", 
            "dummy:position:POINT(-87.777189 41.960616)", 
            "dummy:position:POINT(-87.700117 41.932094)", 
            "dummy:position:POINT(-87.64997 41.723195)", 
            "dummy:position:POINT(-87.679447 41.801179)", 
            "dummy:position:POINT(-87.726549 41.82561)", 
            "dummy:position:POINT(-87.71188 41.800737)", 
            "dummy:position:POINT(-87.590773 41.754292)", 
            "dummy:position:POINT(-87.538693 41.659112)", 
            "dummy:position:POINT(-87.562889 41.766202)", 
            "dummy:position:POINT(-87.752411 41.778297)", 
            "dummy:position:POINT(-87.612922 41.754676)", 
            "dummy:position:POINT(-87.930995 41.957799)", 
            "dummy:position:POINT(-87.728492 41.984809)", 
            "dummy:position:POINT(-87.731435 41.743402)", 
            "dummy:position:POINT(-87.66214 42.010412)", 
            "dummy:position:POINT(-87.756155 41.904194)", 
            "dummy:position:POINT(-87.730698 41.948167)", 
            "dummy:position:POINT(-87.862995 41.992478)", 
            "dummy:position:POINT(-87.654234 41.793818)", 
            "dummy:position:POINT(-87.559308 41.678618)", 
            "dummy:position:POINT(-87.805059 41.973845)", 
            "dummy:position:POINT(-87.694991 41.857402)", 
            "dummy:position:POINT(-87.671457 41.947227)", 
            "dummy:position:POINT(-87.725057 41.951866)", 
            "dummy:position:POINT(-87.668055 41.912563)", 
            "dummy:position:POINT(-87.687769 42.01743)", 
            "dummy:position:POINT(-87.600963 41.728495)", 
            "dummy:position:POINT(-87.794896 41.94016)", 
            "dummy:position:POINT(-87.746381 41.925198)", 
            "dummy:position:POINT(-87.55551 41.733643)", 
            "dummy:position:POINT(-87.627096 41.776428)", 
            "dummy:position:POINT(-87.742302 41.763733)", 
            "dummy:position:POINT(-87.586427 41.778748)", 
            "dummy:position:POINT(-87.807277 42.009876)", 
            "dummy:position:POINT(-87.760886 41.907645)", 
            "dummy:position:POINT(-87.676709 41.688324)", 
            "dummy:position:POINT(-87.666066 41.98728)", 
            "dummy:position:POINT(-87.770899 41.994679)", 
            "dummy:position:POINT(-87.795585 41.999129)", 
            "dummy:position:POINT(-87.677512 41.731922)", 
            "dummy:position:POINT(-87.64886 41.862292)", 
            "dummy:position:POINT(-87.824812 41.974089)", 
            "dummy:position:POINT(-87.702575 41.958271)", 
            "dummy:position:POINT(-87.582699 41.729669)", 
            "dummy:position:POINT(-87.812827 41.981964)", 
            "dummy:position:POINT(-87.76007 41.961743)", 
            "dummy:position:__Others__"
        ], 
        "importances": [
            0.0010716786307260135, 
            0.0048378948298142396, 
            0.032272824880379081, 
            0.070662560696959933, 
            0.011685413065163819, 
            0.020937200712389956, 
            0.14782566931768584, 
            0.074845161212039865, 
            0.06139495858599809, 
            0.02447589660829249, 
            0.026191089510816914, 
            0.029442363021103909, 
            0.029338008087364875, 
            0.017487938321414601, 
            0.010830183039799515, 
            0.013142525569757757, 
            0.01756738523452538, 
            0.010818745439622692, 
            0.00050138883610918933, 
            0.013559075671462169, 
            0.063223488778910847, 
            0.041034768814716197, 
            0.019201373767474689, 
            0.022363961942543992, 
            0.030094162519352294, 
            0.013203719405744507, 
            0.010655059563985707, 
            0.0018385684095176416, 
            0.0013917167859626425, 
            0.0012050764538315041, 
            0.0039901939435221653, 
            0.00066688150001696514, 
            4.1453614821648838e-05, 
            0.0010226502119363807, 
            0.0009061972553641623, 
            0.0015221099883478567, 
            2.0068632563579864e-05, 
            0.00021902984063566791, 
            0.0065517721402934105, 
            0.0012757938136215051, 
            7.6998051896765108e-05, 
            0.00078030877902152194, 
            0.0079570659065092524, 
            0.00061091263658378994, 
            0.00087516021486114595, 
            0.00057635545247261902, 
            0.00033386223425777256, 
            0.00069498331356471872, 
            0.0026343018674922359, 
            0.0002054165056105282, 
            0.00020962258742737182, 
            8.0865628728022125e-05, 
            0.0010876658404325873, 
            0.00015516359581214847, 
            0.00027444673170238073, 
            0.00032655530453352499, 
            0.00099017999375557988, 
            0.00063446628380016076, 
            0.00053594097075396923, 
            6.6181457046570053e-06, 
            0.000427698441646535, 
            0.00047449127439725932, 
            0.00026520170318809408, 
            6.0868701496899415e-05, 
            0.00029967447309656972, 
            0.00026585848033594756, 
            0.00030008865907206478, 
            0.00057241399795697554, 
            0.00046331901881067216, 
            6.3203852530667803e-05, 
            0.00032564647949041332, 
            7.0377329686338485e-05, 
            8.6666085953367484e-05, 
            2.165681431575348e-05, 
            0.0007174792425899679, 
            0.00067044964870396104, 
            8.5911701408615757e-05, 
            0.00092301244166647506, 
            0.0041993571662128325, 
            0.0034189649278698669, 
            0.00010274599457992216, 
            8.7090957095037704e-08, 
            0.0010987157474047016, 
            0.00099735598390783553, 
            0.0016230922518909168, 
            0.00077361976267311219, 
            0.0013273192078818291, 
            0.00056941446584475401, 
            0.00090896791335863026, 
            0.00068011207719392581, 
            0.00041433449497693475, 
            6.8644247310701569e-05, 
            0.00026128093841889009, 
            0.0055611707780518797, 
            0.0016806396865878038, 
            0.00011480784096018974, 
            0.00092648361439242005, 
            0.00082176835481469787, 
            0.00044434210489668245, 
            0.00044034425111413216, 
            0.00063591272695164166, 
            0.0028329236724280119, 
            0.00039500569327087829, 
            0.00058770554990407453, 
            0.0014077352729343993, 
            0.001688063431746148, 
            0.0042747227895975522, 
            0.00020175881111771134, 
            0.00029361763755596216, 
            0.00050135472202246468, 
            0.0024930847296526131, 
            0.0041968602546898996, 
            0.0014941371408904052, 
            0.00014251442061767646, 
            0.000451002754032283, 
            0.00061967826913246959, 
            0.00094241932663641334, 
            0.0010193845079030054, 
            0.00050986961860227979, 
            0.00039355501602975009, 
            0.00046805497472531167, 
            0.0019324983055298197, 
            0.0016052153659081231, 
            7.1885808505568708e-05, 
            0.00062929536416400948, 
            0.0009891266340993376, 
            7.4404383340803004e-05, 
            0.00046170795097154939, 
            0.00015844219379170226, 
            0.0011333666037208973, 
            0.00013764297864388061, 
            0.00029607663888225227, 
            0.00086957546409786716, 
            0.00014970821276745356, 
            7.0620882292845796e-05, 
            0.00018798221045749369, 
            0.00034561545215984176, 
            2.2534994914257921e-05, 
            0.00028706729398121747, 
            0.00014324658171103761, 
            0.00013875411235236788, 
            0.0003106602566931435, 
            6.1470320298999494e-06, 
            0.001268373657618295, 
            0.0010384691529301978, 
            1.4984817257503024e-05, 
            0.00034806882078186499, 
            0.0008373155603677195, 
            2.4955514533567006e-05, 
            2.321280882111025e-05, 
            1.1538991719316109e-05, 
            0.00055919696620055043, 
            3.2009832991008363e-07, 
            8.9356184435365722e-06, 
            0.00012691220915860663, 
            1.8894505401745647e-05, 
            0.00015241058035936832, 
            0.00018618300298979486, 
            8.5902074673084412e-05, 
            0.0010218965180303127, 
            6.4079466486331816e-05, 
            0.00010031507063395754, 
            1.5513620798696953e-05, 
            0.00074197458871090691, 
            0.0013311157116578909, 
            0.00046356134564069264, 
            0.00059974188767126461, 
            2.2855513859233665e-05, 
            0.0002805374646505622, 
            0.00035249427164985703, 
            0.00026595713462581499, 
            0.00039850180675300023, 
            0.00036088344913120065, 
            0.00026513153066625328, 
            0.00015229668516546604, 
            6.7730946735565585e-05, 
            8.6747904702285839e-05, 
            0.00057257696688497084, 
            0.00021935797439162001, 
            8.8143449510788729e-06, 
            0.00016762601856514726, 
            1.386478221000229e-06, 
            0.00013484908169448162, 
            6.4445517551174169e-05, 
            5.2567881315966522e-05, 
            0.0012170390701817255, 
            1.1149058196626083e-05, 
            2.4656193783823324e-05, 
            0.00016482332417551876, 
            0.0003178409596581095, 
            0.0011711206616579768, 
            0.00013286406546977398, 
            0.0006855198202670948, 
            8.5083321832397021e-05, 
            0.0018383292644998535, 
            0.00056524183873641579, 
            0.00027989194496784778, 
            0.00053213535101985716, 
            0.001794836079471839, 
            3.2682826858150463e-06, 
            0.00025479306836795904, 
            7.986242172435062e-05, 
            0.00011029170917564097, 
            0.00028453911626600441, 
            7.9070834022326787e-05, 
            8.7211744315619192e-05, 
            0.00015546657891877399, 
            0.00013217451187225653, 
            0.0001937436121396694, 
            0.000182894034709832, 
            0.00011997304737350086, 
            2.3423807065739105e-05, 
            0.00035536925258901103, 
            0.00064853331164466176, 
            7.1173777308801748e-05, 
            2.4575475134543042e-05, 
            9.5554083138597678e-05, 
            0.00027894098719574641, 
            7.189642246442899e-05, 
            0.00018312602465324435, 
            0.00049465144348483894, 
            0.00023625671349572724, 
            2.6035914101955514e-05, 
            8.9756562636759366e-05, 
            0.00025174993895768548, 
            6.7351852406681521e-05, 
            0.00021992848608529705, 
            1.986738687381862e-05, 
            4.8739269668941097e-05, 
            0.00017553261081147166, 
            0.00034182546424361352, 
            2.2398615967155674e-05, 
            1.0297199863907279e-05, 
            2.1565235809567396e-05, 
            4.0441645314912598e-05, 
            0.00015043811185399772, 
            0.00022825662180276182, 
            0.00020598238154790233, 
            0.00033736231698613527, 
            0.0001414900058496705, 
            6.3252267014638221e-05, 
            0.00015295530140006257, 
            6.7399877351169237e-05, 
            0.00031771095761795121, 
            5.1837090823868492e-05, 
            1.8120206380134058e-05, 
            8.2668459826504168e-07, 
            5.1165906972926709e-06, 
            0.00055981527316475456, 
            0.0004740402349050067, 
            0.00056212859591765589, 
            0.00076260152338818816, 
            0.00025292071455924902, 
            0.0003083428345794692, 
            0.00073793132664372676, 
            0.00066284687268584332, 
            0.00026387362081479104, 
            0.00029150102114261164, 
            0.00072915235416461317, 
            0.0001214044455664073, 
            7.2851121152240961e-05, 
            0.00095547814304975927, 
            0.0001631937460291822, 
            4.1039712796454786e-05, 
            7.5030123479137131e-05, 
            1.9844718551623569e-05, 
            0.00015288982788894676, 
            2.5720306259421274e-05, 
            0.00088421227054801964, 
            7.6990636414908152e-05, 
            5.2211747675933624e-06, 
            0.00042576137404428044, 
            3.7741091580036174e-05, 
            0.00039208188123943821, 
            2.8212027728205887e-05, 
            6.0506922298500674e-05, 
            2.465922721883067e-05, 
            9.7222671791459238e-05, 
            9.8920848404864776e-05, 
            0.00054636350392306713, 
            0.0035788638717184924, 
            1.0644540910004657e-05, 
            0.00091520567738813234, 
            7.710518962237668e-05, 
            8.4775686811881985e-05, 
            0.00022849585363291341, 
            0.00042127392005262025, 
            0.00022055329045192311, 
            0.00053457500495271773, 
            4.1722354608624241e-05, 
            1.8863024707883409e-05, 
            0.00030061072689145456, 
            0.00063270447733335534, 
            0.000159549692852043, 
            0.00011231713379365411, 
            0.00024770549759185528, 
            4.3574762677562482e-05, 
            0.0013287395910996495, 
            0.00049208518703108242, 
            0.0001218743934924918, 
            0.00014028515805464755, 
            3.3498883749441923e-05, 
            0.00023610718235083085, 
            0.00018517527180878825, 
            4.5639103728796522e-05, 
            0.00025357384263508106, 
            8.2696239988565637e-05, 
            0.00070631196571605079, 
            3.6384134432917004e-05, 
            0.00019052434084344038, 
            1.1873697684260355e-05, 
            9.020510140355452e-05, 
            7.9607780352016151e-06, 
            0.00017317824477068927, 
            0.00034406916742965794, 
            1.2643883090060917e-05, 
            2.4904889946685458e-05, 
            1.1416010323642935e-05, 
            3.8283840040450794e-05, 
            0.00054521821428907258, 
            8.7601770229654257e-05, 
            1.1124863052521363e-05, 
            4.6583983533616195e-05, 
            4.3001596248112655e-05, 
            2.3613543065257154e-05, 
            0.00040284305714533117, 
            2.727602525039892e-05, 
            0.00024742036880624014, 
            8.5903134370047391e-05, 
            1.2276081657047189e-07, 
            5.1713175918334015e-05, 
            0.00016615226927685678, 
            0.0002714266289586315, 
            0.00074220817036896531, 
            8.2767058840771048e-07, 
            0.0010918405600336613, 
            3.46425446803878e-05, 
            0.00011251991675318981, 
            0.0005844375855076461, 
            0.00039840250879440576, 
            0.00071825935591383731, 
            0.00014740297892314877, 
            0.00019377237267510154, 
            0.00068052352436892799, 
            0.00029783193943408009, 
            7.5476128964746455e-05, 
            0.00026131022634852277, 
            6.1846692350049596e-05, 
            0.00015368719254701062, 
            0.0003290035956812338, 
            0.00028497108712434075, 
            0.00085642437803733955, 
            0.00031876914202403435, 
            0.00014830305707651901, 
            0.00046828980817574902, 
            8.1666609922626362e-05, 
            8.856021893511371e-05, 
            0.00010887749416452966, 
            0.00028595727379312428, 
            0.00053985989342837182, 
            0.0032814054285380356, 
            0.00029369265713363827, 
            0.00030964774132323102, 
            0.00010177766898564237, 
            9.5263451031769685e-05, 
            0.00034036943193767403, 
            0.00017114053833216527, 
            2.2521295060795672e-05, 
            0.00011536656332429328, 
            0.00010766807843069491, 
            5.8849159059217768e-05, 
            0.00032371894207736438, 
            0.00040628665224460387, 
            1.9890450172129586e-06, 
            0.0001989236766193886, 
            0.00034292687904401376, 
            0.00014764664348737537, 
            0.00041729749260967729, 
            0.00014082254120591187, 
            0.00011665164085239184, 
            0.00012105101968325145, 
            8.028590102322586e-05, 
            0.00033136765261320122, 
            7.0498685229650136e-06, 
            7.9881695030116525e-05, 
            0.00039055141233062569, 
            0.00041758021838634858, 
            5.9794703142261562e-05, 
            9.5707147749502503e-05, 
            0.00024559595213346412, 
            0.00024624221897660956, 
            0.00018002774897824621, 
            5.3352384988039951e-06, 
            9.7570743853547601e-06, 
            1.2674329783034959e-05, 
            8.5412728629151658e-05, 
            0.00011708478910497495, 
            0.00010015491435133848, 
            6.5255810644616346e-05, 
            6.5704601807271476e-05, 
            7.7125685038806968e-06, 
            0.00011290563102840636, 
            0.00034424114388541781, 
            7.7569823746759717e-05, 
            0.00041864081229890584, 
            7.7240311534810358e-05, 
            1.0918502721302208e-05, 
            0.00014386902771342146, 
            1.2108187575204502e-05, 
            0.00049326404247866846, 
            4.8485755125368052e-05, 
            9.9359511891465825e-06, 
            0.00030686725250624318
        ]
    }, 
    "modelInputNRows": 3726, 
    "modelInputNCols": 514, 
    "modelInputMemory": 15321312, 
    "gridCells": [
        {
            "scoreTimeStd": 0.14590027035235026, 
            "scoreTime": 0.55266666666666675, 
            "fitTime": 3.8923333333333332, 
            "score": 0.87515043511956547, 
            "params": {
                "max_features": "auto", 
                "min_samples_split": 3, 
                "n_estimators": 100, 
                "max_depth": 6, 
                "min_samples_leaf": 1
            }, 
            "fitTimeStd": 0.30219787483626609, 
            "scoreStd": 0.011424513461973883
        }, 
        {
            "scoreTimeStd": 0.22466913945226707, 
            "scoreTime": 0.60633333333333328, 
            "fitTime": 3.6839999999999997, 
            "score": 0.87234422179342042, 
            "params": {
                "max_features": "auto", 
                "min_samples_split": 3, 
                "n_estimators": 100, 
                "max_depth": 16, 
                "min_samples_leaf": 1
            }, 
            "fitTimeStd": 0.55366596427810155, 
            "scoreStd": 0.010295662916902237
        }
    ], 
    "gridBestScore": 0.87515043511956547, 
    "modelInputIsSparse": false
}