{
  "state": "DONE",
  "preSearchDescription": {
    "gridLength": 2,
    "importantParams": [
      {
        "name": "trees",
        "vals": [
          "100"
        ]
      },
      {
        "name": "depth",
        "vals": [
          "6",
          "16"
        ]
      },
      {
        "name": "min_samples",
        "vals": [
          "1"
        ]
      }
    ]
  },
  "postSearchDescription": {
    "importantParams": [
      {
        "name": "trees",
        "val": "100"
      },
      {
        "name": "depth",
        "val": "6"
      },
      {
        "name": "min_samples",
        "val": "1"
      }
    ]
  },
  "sampleWeightsEnabled": false,
  "modelId": "m1",
  "progress": {
    "top_level_todo": [],
    "stack": [],
    "top_level_done": [
      {
        "name": "Loading train set",
        "time": 52
      },
      {
        "name": "Loading test set",
        "time": 24
      },
      {
        "name": "Collecting statistics",
        "time": 46
      },
      {
        "name": "Preprocessing train set",
        "time": 76
      },
      {
        "name": "Preprocessing test set",
        "time": 59
      },
      {
        "name": "Grid searching",
        "time": 5050
      },
      {
        "name": "Fitting model",
        "time": 459
      },
      {
        "name": "Saving model",
        "time": 35
      },
      {
        "name": "Scoring model",
        "time": 955
      }
    ]
  },
  "startTime": 1528065118806,
  "endTime": 1528065125567,
  "preprocessingTime": 261,
  "trainingTime": 6500
}