[
    {
        "parameters": {
            "penalty": "l2", 
            "C": 0.1
        }, 
        "score_time": 49, 
        "test_score": 0.7848293963254593, 
        "fit_time": 15, 
        "num_samples": 1243, 
        "best_iteration": null, 
        "train_score": 0.7802926629645601, 
        "parameter_id": 1, 
        "time": 64, 
        "done_at": 1528278407875, 
        "grid_point_id": "{\"penalty\": \"l2\", \"C\": 0.1}@0"
    }, 
    {
        "parameters": {
            "penalty": "l2", 
            "C": 1.0
        }, 
        "score_time": 42, 
        "test_score": 0.7598029772329247, 
        "fit_time": 16, 
        "num_samples": 1242, 
        "best_iteration": null, 
        "train_score": 0.7575899189602279, 
        "parameter_id": 2, 
        "time": 58, 
        "done_at": 1528278407924, 
        "grid_point_id": "{\"penalty\": \"l2\", \"C\": 1.0}@1"
    }, 
    {
        "parameters": {
            "penalty": "l2", 
            "C": 100.0
        }, 
        "score_time": 20, 
        "test_score": 0.7598467600700525, 
        "fit_time": 7, 
        "num_samples": 1242, 
        "best_iteration": null, 
        "train_score": 0.7572974280593339, 
        "parameter_id": 4, 
        "time": 27, 
        "done_at": 1528278407999, 
        "grid_point_id": "{\"penalty\": \"l2\", \"C\": 100.0}@1"
    }, 
    {
        "parameters": {
            "penalty": "l2", 
            "C": 1.0
        }, 
        "score_time": 36, 
        "test_score": 0.7832195975503062, 
        "fit_time": 13, 
        "num_samples": 1243, 
        "best_iteration": null, 
        "train_score": 0.7823519964093673, 
        "parameter_id": 2, 
        "time": 49, 
        "done_at": 1528278407899, 
        "grid_point_id": "{\"penalty\": \"l2\", \"C\": 1.0}@0"
    }, 
    {
        "parameters": {
            "penalty": "l2", 
            "C": 0.01
        }, 
        "score_time": 36, 
        "test_score": 0.7952930883639545, 
        "fit_time": 8, 
        "num_samples": 1243, 
        "best_iteration": null, 
        "train_score": 0.7820307755942585, 
        "parameter_id": 0, 
        "time": 44, 
        "done_at": 1528278407816, 
        "grid_point_id": "{\"penalty\": \"l2\", \"C\": 0.01}@0"
    }, 
    {
        "parameters": {
            "penalty": "l2", 
            "C": 10.0
        }, 
        "score_time": 32, 
        "test_score": 0.7828258967629047, 
        "fit_time": 8, 
        "num_samples": 1243, 
        "best_iteration": null, 
        "train_score": 0.7826666167967684, 
        "parameter_id": 3, 
        "time": 40, 
        "done_at": 1528278407951, 
        "grid_point_id": "{\"penalty\": \"l2\", \"C\": 10.0}@0"
    }, 
    {
        "parameters": {
            "penalty": "l2", 
            "C": 10.0
        }, 
        "score_time": 48, 
        "test_score": 0.7598029772329247, 
        "fit_time": 11, 
        "num_samples": 1242, 
        "best_iteration": null, 
        "train_score": 0.7573348141143355, 
        "parameter_id": 3, 
        "time": 59, 
        "done_at": 1528278407974, 
        "grid_point_id": "{\"penalty\": \"l2\", \"C\": 10.0}@1"
    }, 
    {
        "parameters": {
            "penalty": "l2", 
            "C": 0.1
        }, 
        "score_time": 50, 
        "test_score": 0.7621234676007005, 
        "fit_time": 14, 
        "num_samples": 1242, 
        "best_iteration": null, 
        "train_score": 0.760332296053572, 
        "parameter_id": 1, 
        "time": 64, 
        "done_at": 1528278407882, 
        "grid_point_id": "{\"penalty\": \"l2\", \"C\": 0.1}@1"
    }, 
    {
        "parameters": {
            "penalty": "l2", 
            "C": 0.01
        }, 
        "score_time": 46, 
        "test_score": 0.7779989032178174, 
        "fit_time": 9, 
        "num_samples": 1241, 
        "best_iteration": null, 
        "train_score": 0.7922768052516411, 
        "parameter_id": 0, 
        "time": 55, 
        "done_at": 1528278407837, 
        "grid_point_id": "{\"penalty\": \"l2\", \"C\": 0.01}@2"
    }, 
    {
        "parameters": {
            "penalty": "l2", 
            "C": 0.1
        }, 
        "score_time": 52, 
        "test_score": 0.773682534628244, 
        "fit_time": 11, 
        "num_samples": 1241, 
        "best_iteration": null, 
        "train_score": 0.7822921225382933, 
        "parameter_id": 1, 
        "time": 63, 
        "done_at": 1528278407891, 
        "grid_point_id": "{\"penalty\": \"l2\", \"C\": 0.1}@2"
    }, 
    {
        "parameters": {
            "penalty": "l2", 
            "C": 100.0
        }, 
        "score_time": 26, 
        "test_score": 0.7828433945756781, 
        "fit_time": 9, 
        "num_samples": 1243, 
        "best_iteration": null, 
        "train_score": 0.7826820177947531, 
        "parameter_id": 4, 
        "time": 35, 
        "done_at": 1528278407990, 
        "grid_point_id": "{\"penalty\": \"l2\", \"C\": 100.0}@0"
    }, 
    {
        "parameters": {
            "penalty": "l2", 
            "C": 1.0
        }, 
        "score_time": 32, 
        "test_score": 0.7750092872684815, 
        "fit_time": 10, 
        "num_samples": 1241, 
        "best_iteration": null, 
        "train_score": 0.7819638949671772, 
        "parameter_id": 2, 
        "time": 42, 
        "done_at": 1528278407916, 
        "grid_point_id": "{\"penalty\": \"l2\", \"C\": 1.0}@2"
    }, 
    {
        "parameters": {
            "penalty": "l2", 
            "C": 100.0
        }, 
        "score_time": 22, 
        "test_score": 0.7752481027437244, 
        "fit_time": 8, 
        "num_samples": 1241, 
        "best_iteration": null, 
        "train_score": 0.7821105032822757, 
        "parameter_id": 4, 
        "time": 30, 
        "done_at": 1528278408001, 
        "grid_point_id": "{\"penalty\": \"l2\", \"C\": 100.0}@2"
    }, 
    {
        "parameters": {
            "penalty": "l2", 
            "C": 0.01
        }, 
        "score_time": 41, 
        "test_score": 0.7746103327495621, 
        "fit_time": 10, 
        "num_samples": 1242, 
        "best_iteration": null, 
        "train_score": 0.7738374586279317, 
        "parameter_id": 0, 
        "time": 51, 
        "done_at": 1528278407825, 
        "grid_point_id": "{\"penalty\": \"l2\", \"C\": 0.01}@1"
    }, 
    {
        "parameters": {
            "penalty": "l2", 
            "C": 10.0
        }, 
        "score_time": 47, 
        "test_score": 0.7752215676909197, 
        "fit_time": 9, 
        "num_samples": 1241, 
        "best_iteration": null, 
        "train_score": 0.7820689277899344, 
        "parameter_id": 3, 
        "time": 56, 
        "done_at": 1528278407984, 
        "grid_point_id": "{\"penalty\": \"l2\", \"C\": 10.0}@2"
    }
]