{
    "gridSize": 5, 
    "nThreads": 8, 
    "metric": "ROC_AUC", 
    "gridPoints": [
        {
            "index": 0, 
            "finishedAt": 1528278407837.0, 
            "score": 0.78263874959867497, 
            "parameters": {
                "penalty": "l2", 
                "C": 0.01
            }, 
            "time": 150.0
        }, 
        {
            "index": 1, 
            "finishedAt": 1528278407891.0, 
            "score": 0.77355122676685306, 
            "parameters": {
                "penalty": "l2", 
                "C": 0.1
            }, 
            "time": 191.0
        }, 
        {
            "index": 2, 
            "finishedAt": 1528278407924.0, 
            "score": 0.77267100269670141, 
            "parameters": {
                "penalty": "l2", 
                "C": 1.0
            }, 
            "time": 149.0
        }, 
        {
            "index": 3, 
            "finishedAt": 1528278407984.0, 
            "score": 0.77262299288633163, 
            "parameters": {
                "penalty": "l2", 
                "C": 10.0
            }, 
            "time": 155.0
        }, 
        {
            "index": 4, 
            "finishedAt": 1528278408001.0, 
            "score": 0.77263991386022468, 
            "parameters": {
                "penalty": "l2", 
                "C": 100.0
            }, 
            "time": 92.0
        }
    ], 
    "startedAt": 1528278407759, 
    "nSplits": 3
}