{
    "usedGridSearch": true, 
    "probaAware": true, 
    "gridSize": 5, 
    "modelInputNRows": 3726, 
    "modelInputNCols": 3, 
    "modelInputMemory": 89424, 
    "gridCells": [
        {
            "scoreTimeStd": 0.0040824829046386315, 
            "scoreTime": 0.041000000000000002, 
            "fitTime": 0.0090000000000000011, 
            "score": 0.78263874959867497, 
            "params": {
                "penalty": "l2", 
                "C": 0.01
            }, 
            "fitTimeStd": 0.00081649658092772617, 
            "scoreStd": 0.0090595720767917623
        }, 
        {
            "scoreTimeStd": 0.0012472191289246452, 
            "scoreTime": 0.050333333333333334, 
            "fitTime": 0.013333333333333331, 
            "score": 0.77354812449443555, 
            "params": {
                "penalty": "l2", 
                "C": 0.1
            }, 
            "fitTimeStd": 0.001699673171197595, 
            "scoreStd": 0.0092720080580044814
        }, 
        {
            "scoreTimeStd": 0.004109609335312652, 
            "scoreTime": 0.036666666666666667, 
            "fitTime": 0.012999999999999999, 
            "score": 0.77267949086916499, 
            "params": {
                "penalty": "l2", 
                "C": 1.0
            }, 
            "fitTimeStd": 0.0024494897427831783, 
            "scoreStd": 0.0097024306361622216
        }, 
        {
            "scoreTimeStd": 0.0073181661333667162, 
            "scoreTime": 0.042333333333333334, 
            "fitTime": 0.0093333333333333324, 
            "score": 0.77261885477831838, 
            "params": {
                "penalty": "l2", 
                "C": 10.0
            }, 
            "fitTimeStd": 0.0012472191289246469, 
            "scoreStd": 0.0095791956423264477
        }, 
        {
            "scoreTimeStd": 0.0024944382578492939, 
            "scoreTime": 0.022666666666666668, 
            "fitTime": 0.0080000000000000002, 
            "score": 0.77264812425376683, 
            "params": {
                "penalty": "l2", 
                "C": 100.0
            }, 
            "fitTimeStd": 0.00081649658092772563, 
            "scoreStd": 0.0095682913443921568
        }
    ], 
    "lmCoefficients": {
        "interceptStderr": 0.050378287691487583, 
        "interceptTstat": -38.26519164525731, 
        "rescaledInterceptCoef": 0.48786276794927108, 
        "rescaledCoefs": [
            0.0025517977748002437, 
            0.082008496906803313, 
            -0.19210461400936968
        ], 
        "variables": [
            "NumMosquitos_sum", 
            "count", 
            "daylight_time"
        ], 
        "rescaledStderr": [
            0.0011720219405589121, 
            0.038096305071957583, 
            0.043320673175360001
        ], 
        "rescaledInterceptPvalue": 0.40469638021525345, 
        "tstat": [
            2.1772610959683454, 
            2.1526627517262606, 
            -4.4344789664680286
        ], 
        "rescaledInterceptStderr": 2.0224250087933253, 
        "rescaledInterceptTstat": 0.24122662933265107, 
        "stderr": [
            0.14905868254676663, 
            0.11405857347412846, 
            0.048710752399400654
        ], 
        "interceptCoef": -1.9277348332746798, 
        "pvalue": [
            0.014761854901687133, 
            0.015704638292410311, 
            4.7480313958292442e-06
        ], 
        "interceptPvalue": 0.0, 
        "coefs": [
            0.3245396705253708, 
            0.24552964263278923, 
            -0.21600680695597427
        ]
    }, 
    "gridBestScore": 0.78263874959867497, 
    "modelInputIsSparse": false
}