{
  "state": "DONE",
  "preSearchDescription": {
    "gridLength": 5,
    "importantParams": [
      {
        "name": "penalty",
        "vals": [
          "l2"
        ]
      },
      {
        "name": "C",
        "vals": [
          "0.01",
          "0.1",
          "1.0",
          "10.0",
          "100.0"
        ]
      }
    ]
  },
  "postSearchDescription": {
    "importantParams": [
      {
        "name": "C",
        "val": "0.01"
      },
      {
        "name": "penalty",
        "val": "l2"
      }
    ]
  },
  "sampleWeightsEnabled": false,
  "modelId": "m1",
  "progress": {
    "top_level_todo": [],
    "stack": [],
    "top_level_done": [
      {
        "name": "Loading train set",
        "time": 55
      },
      {
        "name": "Loading test set",
        "time": 26
      },
      {
        "name": "Collecting statistics",
        "time": 7
      },
      {
        "name": "Preprocessing train set",
        "time": 16
      },
      {
        "name": "Preprocessing test set",
        "time": 20
      },
      {
        "name": "Grid searching",
        "time": 1016
      },
      {
        "name": "Fitting model",
        "time": 10
      },
      {
        "name": "Saving model",
        "time": 2
      },
      {
        "name": "Scoring model",
        "time": 397
      }
    ]
  },
  "startTime": 1528278407626,
  "endTime": 1528278409179,
  "preprocessingTime": 128,
  "trainingTime": 1425
}