[
    {
        "parameters": {
            "penalty": "l2", 
            "C": 0.1
        }, 
        "score_time": 71, 
        "test_score": 0.8709766115034971, 
        "fit_time": 93, 
        "num_samples": 1243, 
        "best_iteration": null, 
        "train_score": 0.9194139273638017, 
        "parameter_id": 1, 
        "time": 164, 
        "done_at": 1528065119282, 
        "grid_point_id": "{\"penalty\": \"l2\", \"C\": 0.1}@0"
    }, 
    {
        "parameters": {
            "penalty": "l2", 
            "C": 1.0
        }, 
        "score_time": 54, 
        "test_score": 0.8566482415112676, 
        "fit_time": 58, 
        "num_samples": 1242, 
        "best_iteration": null, 
        "train_score": 0.9449165628246188, 
        "parameter_id": 2, 
        "time": 112, 
        "done_at": 1528065119337, 
        "grid_point_id": "{\"penalty\": \"l2\", \"C\": 1.0}@1"
    }, 
    {
        "parameters": {
            "penalty": "l2", 
            "C": 100.0
        }, 
        "score_time": 12, 
        "test_score": 0.834746314245798, 
        "fit_time": 132, 
        "num_samples": 1242, 
        "best_iteration": null, 
        "train_score": 0.954457793336688, 
        "parameter_id": 4, 
        "time": 144, 
        "done_at": 1528065119509, 
        "grid_point_id": "{\"penalty\": \"l2\", \"C\": 100.0}@1"
    }, 
    {
        "parameters": {
            "penalty": "l2", 
            "C": 1.0
        }, 
        "score_time": 53, 
        "test_score": 0.8594971731023697, 
        "fit_time": 51, 
        "num_samples": 1243, 
        "best_iteration": null, 
        "train_score": 0.942686245827564, 
        "parameter_id": 2, 
        "time": 104, 
        "done_at": 1528065119326, 
        "grid_point_id": "{\"penalty\": \"l2\", \"C\": 1.0}@0"
    }, 
    {
        "parameters": {
            "penalty": "l2", 
            "C": 0.01
        }, 
        "score_time": 80, 
        "test_score": 0.8639995875650874, 
        "fit_time": 42, 
        "num_samples": 1243, 
        "best_iteration": null, 
        "train_score": 0.8649910365872185, 
        "parameter_id": 0, 
        "time": 122, 
        "done_at": 1528065119223, 
        "grid_point_id": "{\"penalty\": \"l2\", \"C\": 0.01}@0"
    }, 
    {
        "parameters": {
            "penalty": "l2", 
            "C": 10.0
        }, 
        "score_time": 34, 
        "test_score": 0.8474334519083707, 
        "fit_time": 67, 
        "num_samples": 1243, 
        "best_iteration": null, 
        "train_score": 0.9518949045277171, 
        "parameter_id": 3, 
        "time": 101, 
        "done_at": 1528065119382, 
        "grid_point_id": "{\"penalty\": \"l2\", \"C\": 10.0}@0"
    }, 
    {
        "parameters": {
            "penalty": "l2", 
            "C": 10.0
        }, 
        "score_time": 23, 
        "test_score": 0.8453241467880356, 
        "fit_time": 85, 
        "num_samples": 1242, 
        "best_iteration": null, 
        "train_score": 0.9525983547964229, 
        "parameter_id": 3, 
        "time": 108, 
        "done_at": 1528065119400, 
        "grid_point_id": "{\"penalty\": \"l2\", \"C\": 10.0}@1"
    }, 
    {
        "parameters": {
            "penalty": "l2", 
            "C": 0.1
        }, 
        "score_time": 66, 
        "test_score": 0.8577589573155386, 
        "fit_time": 62, 
        "num_samples": 1242, 
        "best_iteration": null, 
        "train_score": 0.9207913735873343, 
        "parameter_id": 1, 
        "time": 128, 
        "done_at": 1528065119261, 
        "grid_point_id": "{\"penalty\": \"l2\", \"C\": 0.1}@1"
    }, 
    {
        "parameters": {
            "penalty": "l2", 
            "C": 0.01
        }, 
        "score_time": 67, 
        "test_score": 0.8220774709049852, 
        "fit_time": 60, 
        "num_samples": 1241, 
        "best_iteration": null, 
        "train_score": 0.8703259175470484, 
        "parameter_id": 0, 
        "time": 127, 
        "done_at": 1528065119245, 
        "grid_point_id": "{\"penalty\": \"l2\", \"C\": 0.01}@2"
    }, 
    {
        "parameters": {
            "penalty": "l2", 
            "C": 0.1
        }, 
        "score_time": 59, 
        "test_score": 0.8707399687337154, 
        "fit_time": 52, 
        "num_samples": 1241, 
        "best_iteration": null, 
        "train_score": 0.918110463986737, 
        "parameter_id": 1, 
        "time": 111, 
        "done_at": 1528065119264, 
        "grid_point_id": "{\"penalty\": \"l2\", \"C\": 0.1}@2"
    }, 
    {
        "parameters": {
            "penalty": "l2", 
            "C": 100.0
        }, 
        "score_time": 7, 
        "test_score": 0.83573061126291, 
        "fit_time": 89, 
        "num_samples": 1243, 
        "best_iteration": null, 
        "train_score": 0.9542388478216519, 
        "parameter_id": 4, 
        "time": 96, 
        "done_at": 1528065119449, 
        "grid_point_id": "{\"penalty\": \"l2\", \"C\": 100.0}@0"
    }, 
    {
        "parameters": {
            "penalty": "l2", 
            "C": 1.0
        }, 
        "score_time": 42, 
        "test_score": 0.8818308146604134, 
        "fit_time": 60, 
        "num_samples": 1241, 
        "best_iteration": null, 
        "train_score": 0.9430799186609274, 
        "parameter_id": 2, 
        "time": 102, 
        "done_at": 1528065119349, 
        "grid_point_id": "{\"penalty\": \"l2\", \"C\": 1.0}@2"
    }, 
    {
        "parameters": {
            "penalty": "l2", 
            "C": 100.0
        }, 
        "score_time": 7, 
        "test_score": 0.8726854264373806, 
        "fit_time": 149, 
        "num_samples": 1241, 
        "best_iteration": null, 
        "train_score": 0.9521226303087346, 
        "parameter_id": 4, 
        "time": 156, 
        "done_at": 1528065119523, 
        "grid_point_id": "{\"penalty\": \"l2\", \"C\": 100.0}@2"
    }, 
    {
        "parameters": {
            "penalty": "l2", 
            "C": 0.01
        }, 
        "score_time": 69, 
        "test_score": 0.8311278104146961, 
        "fit_time": 51, 
        "num_samples": 1242, 
        "best_iteration": null, 
        "train_score": 0.8737849400595625, 
        "parameter_id": 0, 
        "time": 120, 
        "done_at": 1528065119224, 
        "grid_point_id": "{\"penalty\": \"l2\", \"C\": 0.01}@1"
    }, 
    {
        "parameters": {
            "penalty": "l2", 
            "C": 10.0
        }, 
        "score_time": 22, 
        "test_score": 0.8806062185165885, 
        "fit_time": 70, 
        "num_samples": 1241, 
        "best_iteration": null, 
        "train_score": 0.9501582312637346, 
        "parameter_id": 3, 
        "time": 92, 
        "done_at": 1528065119406, 
        "grid_point_id": "{\"penalty\": \"l2\", \"C\": 10.0}@2"
    }
]