{
    "gridSize": 5, 
    "nThreads": 8, 
    "metric": "ROC_AUC", 
    "gridPoints": [
        {
            "index": 0, 
            "finishedAt": 1528065119245.0, 
            "score": 0.83907954086729541, 
            "parameters": {
                "penalty": "l2", 
                "C": 0.01
            }, 
            "time": 369.0
        }, 
        {
            "index": 1, 
            "finishedAt": 1528065119282.0, 
            "score": 0.86649539326213232, 
            "parameters": {
                "penalty": "l2", 
                "C": 0.1
            }, 
            "time": 403.0
        }, 
        {
            "index": 2, 
            "finishedAt": 1528065119349.0, 
            "score": 0.86599131181609756, 
            "parameters": {
                "penalty": "l2", 
                "C": 1.0
            }, 
            "time": 318.0
        }, 
        {
            "index": 3, 
            "finishedAt": 1528065119406.0, 
            "score": 0.85778850517543204, 
            "parameters": {
                "penalty": "l2", 
                "C": 10.0
            }, 
            "time": 301.0
        }, 
        {
            "index": 4, 
            "finishedAt": 1528065119523.0, 
            "score": 0.8477205198121377, 
            "parameters": {
                "penalty": "l2", 
                "C": 100.0
            }, 
            "time": 396.0
        }
    ], 
    "startedAt": 1528065119091, 
    "nSplits": 3
}