{
  "state": "DONE",
  "preSearchDescription": {
    "gridLength": 5,
    "importantParams": [
      {
        "name": "penalty",
        "vals": [
          "l2"
        ]
      },
      {
        "name": "C",
        "vals": [
          "0.01",
          "0.1",
          "1.0",
          "10.0",
          "100.0"
        ]
      }
    ]
  },
  "postSearchDescription": {
    "importantParams": [
      {
        "name": "C",
        "val": "0.1"
      },
      {
        "name": "penalty",
        "val": "l2"
      }
    ]
  },
  "sampleWeightsEnabled": false,
  "modelId": "m1",
  "progress": {
    "top_level_todo": [],
    "stack": [],
    "top_level_done": [
      {
        "name": "Loading train set",
        "time": 50
      },
      {
        "name": "Loading test set",
        "time": 24
      },
      {
        "name": "Collecting statistics",
        "time": 46
      },
      {
        "name": "Preprocessing train set",
        "time": 75
      },
      {
        "name": "Preprocessing test set",
        "time": 65
      },
      {
        "name": "Grid searching",
        "time": 1037
      },
      {
        "name": "Fitting model",
        "time": 46
      },
      {
        "name": "Saving model",
        "time": 3
      },
      {
        "name": "Scoring model",
        "time": 917
      }
    ]
  },
  "startTime": 1528065118806,
  "endTime": 1528065121073,
  "preprocessingTime": 263,
  "trainingTime": 2004
}