{
  "type": "Filesystem",
  "managed": true,
  "formatType": "csv",
  "checklists": {
    "checklists": []
  },
  "checks": [],
  "customMeta": {
    "kv": {}
  },
  "flowOptions": {
    "virtualizable": false,
    "rebuildBehavior": "NORMAL",
    "crossProjectBuildBehavior": "DEFAULT"
  },
  "readWriteOptions": {
    "preserveOrder": false,
    "writeBuckets": 1,
    "forceSingleOutputFile": false,
    "defaultReadOrdering": {
      "enabled": false,
      "rules": []
    }
  },
  "formatParams": {
    "style": "unix",
    "charset": "utf8",
    "separator": "\t",
    "quoteChar": "\"",
    "escapeChar": "\\",
    "dateSerializationFormat": "ISO",
    "arrayMapFormat": "json",
    "hiveSeparators": [
      "\u0002",
      "\u0003",
      "\u0004",
      "\u0005",
      "\u0006",
      "\u0007",
      "\b"
    ],
    "skipRowsBeforeHeader": 0,
    "parseHeaderRow": false,
    "skipRowsAfterHeader": 0,
    "probableNumberOfRecords": 0,
    "normalizeBooleans": false,
    "normalizeDoubles": true,
    "readAdditionalColumnsBehavior": "INSERT_IN_DATA_WARNING",
    "readMissingColumnsBehavior": "DISCARD_SILENT",
    "readDataTypeMismatchBehavior": "DISCARD_WARNING",
    "writeDataTypeMismatchBehavior": "DISCARD_WARNING",
    "fileReadFailureBehavior": "FAIL",
    "compress": "gz"
  },
  "partitioning": {
    "ignoreNonMatchingFile": false,
    "considerMissingRequestedPartitionsAsEmpty": false,
    "dimensions": []
  },
  "versionTag": {
    "versionNumber": 3,
    "lastModifiedBy": {
      "login": "admin"
    },
    "lastModifiedOn": 1528815484191
  },
  "creationTag": {
    "versionNumber": 0,
    "lastModifiedBy": {
      "login": "user0"
    },
    "lastModifiedOn": 1528060232504
  },
  "tags": [],
  "params": {
    "connection": "filesystem_managed",
    "path": "${projectKey}/weather_filtered",
    "notReadyIfEmpty": false,
    "filesSelectionRules": {
      "mode": "ALL",
      "excludeRules": [],
      "includeRules": [],
      "explicitFiles": []
    }
  },
  "schema": {
    "userModified": true,
    "columns": [
      {
        "name": "Station",
        "type": "string",
        "timestampNoTzAsDate": false,
        "maxLength": -1
      },
      {
        "name": "Date",
        "type": "string",
        "timestampNoTzAsDate": false,
        "maxLength": -1
      },
      {
        "name": "Tmax",
        "type": "string",
        "timestampNoTzAsDate": false,
        "maxLength": -1
      },
      {
        "name": "Tmin",
        "type": "string",
        "timestampNoTzAsDate": false,
        "maxLength": -1
      },
      {
        "name": "Tavg",
        "type": "string",
        "timestampNoTzAsDate": false,
        "maxLength": -1
      },
      {
        "name": "Depart",
        "type": "string",
        "timestampNoTzAsDate": false,
        "maxLength": -1
      },
      {
        "name": "DewPoint",
        "type": "string",
        "timestampNoTzAsDate": false,
        "maxLength": -1
      },
      {
        "name": "WetBulb",
        "type": "string",
        "timestampNoTzAsDate": false,
        "maxLength": -1
      },
      {
        "name": "Heat",
        "type": "string",
        "timestampNoTzAsDate": false,
        "maxLength": -1
      },
      {
        "name": "Cool",
        "type": "string",
        "timestampNoTzAsDate": false,
        "maxLength": -1
      },
      {
        "name": "Sunrise",
        "type": "string",
        "timestampNoTzAsDate": false,
        "maxLength": -1
      },
      {
        "name": "Sunset",
        "type": "string",
        "timestampNoTzAsDate": false,
        "maxLength": -1
      },
      {
        "name": "CodeSum",
        "type": "string",
        "timestampNoTzAsDate": false,
        "maxLength": -1
      },
      {
        "name": "Depth",
        "type": "string",
        "timestampNoTzAsDate": false,
        "maxLength": -1
      },
      {
        "name": "Water1",
        "type": "string",
        "timestampNoTzAsDate": false,
        "maxLength": -1
      },
      {
        "name": "SnowFall",
        "type": "string",
        "timestampNoTzAsDate": false,
        "maxLength": -1
      },
      {
        "name": "PrecipTotal",
        "type": "string",
        "timestampNoTzAsDate": false,
        "maxLength": -1
      },
      {
        "name": "StnPressure",
        "type": "string",
        "timestampNoTzAsDate": false,
        "maxLength": -1
      },
      {
        "name": "SeaLevel",
        "type": "string",
        "timestampNoTzAsDate": false,
        "maxLength": -1
      },
      {
        "name": "ResultSpeed",
        "type": "string",
        "timestampNoTzAsDate": false,
        "maxLength": -1
      },
      {
        "name": "ResultDir",
        "type": "string",
        "timestampNoTzAsDate": false,
        "maxLength": -1
      },
      {
        "name": "AvgSpeed",
        "type": "string",
        "timestampNoTzAsDate": false,
        "maxLength": -1
      }
    ]
  },
  "metrics": {
    "probes": [
      {
        "type": "basic",
        "enabled": true,
        "computeOnBuildMode": "PARTITION",
        "meta": {
          "name": "Basic data",
          "level": 0
        },
        "configuration": {}
      },
      {
        "type": "records",
        "enabled": true,
        "computeOnBuildMode": "NO",
        "meta": {
          "name": "Record count",
          "level": 0
        },
        "configuration": {}
      }
    ],
    "engineConfig": {
      "padRunsWithMetrics": false,
      "hive": {
        "active": true,
        "extraConf": []
      },
      "basic": {},
      "dss": {
        "active": true,
        "selection": {
          "useMemTable": false,
          "filter": {
            "distinct": false,
            "enabled": false
          },
          "partitionSelectionMethod": "ALL",
          "latestPartitionsN": 1,
          "ordering": {
            "enabled": false,
            "rules": []
          },
          "samplingMethod": "FULL",
          "maxRecords": -1,
          "targetRatio": 0.02,
          "withinFirstN": -1,
          "maxReadUncompressedBytes": -1
        }
      },
      "sql": {
        "active": true
      },
      "impala": {
        "active": true
      },
      "python": {}
    },
    "displayedState": {
      "columns": [],
      "metrics": [
        "basic:COUNT_COLUMNS",
        "basic:COUNT_FILES",
        "basic:SIZE",
        "records:COUNT_RECORDS"
      ]
    }
  },
  "metricsChecks": {
    "runOnBuild": false,
    "checks": [],
    "displayedState": {
      "checks": []
    }
  }
}