{
  "type": "Filesystem",
  "managed": true,
  "formatType": "csv",
  "checklists": {
    "checklists": []
  },
  "checks": [],
  "customMeta": {
    "kv": {}
  },
  "flowOptions": {
    "virtualizable": false,
    "rebuildBehavior": "NORMAL",
    "crossProjectBuildBehavior": "DEFAULT"
  },
  "readWriteOptions": {
    "preserveOrder": false,
    "writeBuckets": 1,
    "forceSingleOutputFile": false,
    "defaultReadOrdering": {
      "enabled": false,
      "rules": []
    }
  },
  "formatParams": {
    "style": "unix",
    "charset": "utf8",
    "separator": "\t",
    "quoteChar": "\"",
    "escapeChar": "\\",
    "dateSerializationFormat": "ISO",
    "arrayMapFormat": "json",
    "hiveSeparators": [
      "\u0002",
      "\u0003",
      "\u0004",
      "\u0005",
      "\u0006",
      "\u0007",
      "\b"
    ],
    "skipRowsBeforeHeader": 0,
    "parseHeaderRow": false,
    "skipRowsAfterHeader": 0,
    "probableNumberOfRecords": 0,
    "normalizeBooleans": false,
    "normalizeDoubles": true,
    "readAdditionalColumnsBehavior": "INSERT_IN_DATA_WARNING",
    "readMissingColumnsBehavior": "DISCARD_SILENT",
    "readDataTypeMismatchBehavior": "DISCARD_WARNING",
    "writeDataTypeMismatchBehavior": "DISCARD_WARNING",
    "fileReadFailureBehavior": "FAIL",
    "compress": "gz"
  },
  "partitioning": {
    "ignoreNonMatchingFile": false,
    "considerMissingRequestedPartitionsAsEmpty": false,
    "dimensions": []
  },
  "versionTag": {
    "versionNumber": 6,
    "lastModifiedBy": {
      "login": "admin"
    },
    "lastModifiedOn": 1528815484248
  },
  "creationTag": {
    "versionNumber": 0,
    "lastModifiedBy": {
      "login": "user0"
    },
    "lastModifiedOn": 1528061959777
  },
  "tags": [],
  "params": {
    "connection": "filesystem_managed",
    "path": "${projectKey}/westnile_data_final",
    "notReadyIfEmpty": false,
    "filesSelectionRules": {
      "mode": "ALL",
      "excludeRules": [],
      "includeRules": [],
      "explicitFiles": []
    }
  },
  "schema": {
    "userModified": true,
    "columns": [
      {
        "name": "Trap",
        "type": "string",
        "timestampNoTzAsDate": false,
        "maxLength": -1
      },
      {
        "name": "Date",
        "type": "string",
        "timestampNoTzAsDate": false,
        "maxLength": -1
      },
      {
        "name": "Date_parsed",
        "type": "date",
        "timestampNoTzAsDate": false,
        "maxLength": -1
      },
      {
        "name": "year",
        "type": "bigint",
        "timestampNoTzAsDate": false,
        "maxLength": -1
      },
      {
        "name": "Day_number",
        "type": "bigint",
        "timestampNoTzAsDate": false,
        "maxLength": -1
      },
      {
        "name": "Address",
        "type": "string",
        "timestampNoTzAsDate": false,
        "maxLength": -1
      },
      {
        "name": "Block",
        "type": "bigint",
        "timestampNoTzAsDate": false,
        "maxLength": -1
      },
      {
        "name": "Street",
        "type": "string",
        "timestampNoTzAsDate": false,
        "maxLength": -1
      },
      {
        "name": "AddressNumberAndStreet",
        "type": "string",
        "timestampNoTzAsDate": false,
        "maxLength": -1
      },
      {
        "name": "Latitude",
        "type": "double",
        "timestampNoTzAsDate": false,
        "maxLength": -1
      },
      {
        "name": "Longitude",
        "type": "double",
        "timestampNoTzAsDate": false,
        "maxLength": -1
      },
      {
        "name": "AddressAccuracy",
        "type": "bigint",
        "timestampNoTzAsDate": false,
        "maxLength": -1
      },
      {
        "name": "position",
        "type": "string",
        "timestampNoTzAsDate": false,
        "maxLength": -1
      },
      {
        "name": "weather_Tmax",
        "type": "bigint",
        "timestampNoTzAsDate": false,
        "maxLength": -1
      },
      {
        "name": "weather_Tmin",
        "type": "bigint",
        "timestampNoTzAsDate": false,
        "maxLength": -1
      },
      {
        "name": "weather_Tavg",
        "type": "bigint",
        "timestampNoTzAsDate": false,
        "maxLength": -1
      },
      {
        "name": "weather_Depart",
        "type": "bigint",
        "timestampNoTzAsDate": false,
        "maxLength": -1
      },
      {
        "name": "weather_DewPoint",
        "type": "bigint",
        "timestampNoTzAsDate": false,
        "maxLength": -1
      },
      {
        "name": "weather_WetBulb",
        "type": "string",
        "timestampNoTzAsDate": false,
        "maxLength": -1
      },
      {
        "name": "weather_Heat",
        "type": "bigint",
        "timestampNoTzAsDate": false,
        "maxLength": -1
      },
      {
        "name": "weather_Cool",
        "type": "bigint",
        "timestampNoTzAsDate": false,
        "maxLength": -1
      },
      {
        "name": "weather_Sunrise",
        "type": "string",
        "timestampNoTzAsDate": false,
        "maxLength": -1
      },
      {
        "name": "weather_Sunset",
        "type": "bigint",
        "timestampNoTzAsDate": false,
        "maxLength": -1
      },
      {
        "name": "daylight_time",
        "type": "double",
        "timestampNoTzAsDate": false,
        "maxLength": -1
      },
      {
        "name": "weather_CodeSum",
        "type": "string",
        "timestampNoTzAsDate": false,
        "maxLength": -1
      },
      {
        "name": "weather_SnowFall",
        "type": "string",
        "timestampNoTzAsDate": false,
        "maxLength": -1
      },
      {
        "name": "weather_PrecipTotal",
        "type": "string",
        "timestampNoTzAsDate": false,
        "maxLength": -1
      },
      {
        "name": "weather_StnPressure",
        "type": "string",
        "timestampNoTzAsDate": false,
        "maxLength": -1
      },
      {
        "name": "weather_SeaLevel",
        "type": "double",
        "timestampNoTzAsDate": false,
        "maxLength": -1
      },
      {
        "name": "weather_ResultSpeed",
        "type": "double",
        "timestampNoTzAsDate": false,
        "maxLength": -1
      },
      {
        "name": "weather_ResultDir",
        "type": "bigint",
        "timestampNoTzAsDate": false,
        "maxLength": -1
      },
      {
        "name": "weather_AvgSpeed",
        "type": "double",
        "timestampNoTzAsDate": false,
        "maxLength": -1
      },
      {
        "name": "Species_concat",
        "type": "string",
        "timestampNoTzAsDate": false,
        "maxLength": -1
      },
      {
        "name": "NumMosquitos_sum",
        "type": "bigint",
        "timestampNoTzAsDate": false,
        "maxLength": -1
      },
      {
        "name": "WnvPresent_max",
        "type": "bigint",
        "timestampNoTzAsDate": false,
        "maxLength": -1
      },
      {
        "name": "count",
        "type": "bigint",
        "timestampNoTzAsDate": false,
        "maxLength": -1
      }
    ]
  },
  "metrics": {
    "probes": [
      {
        "type": "basic",
        "enabled": true,
        "computeOnBuildMode": "PARTITION",
        "meta": {
          "name": "Basic data",
          "level": 0
        },
        "configuration": {}
      },
      {
        "type": "records",
        "enabled": true,
        "computeOnBuildMode": "NO",
        "meta": {
          "name": "Record count",
          "level": 0
        },
        "configuration": {}
      },
      {
        "type": "col_stats",
        "enabled": false,
        "computeOnBuildMode": "NO",
        "meta": {
          "name": "Columns statistics",
          "level": 2
        },
        "configuration": {
          "aggregates": []
        }
      },
      {
        "type": "adv_col_stats",
        "enabled": false,
        "computeOnBuildMode": "NO",
        "meta": {
          "name": "Most frequent values",
          "level": 3
        },
        "configuration": {
          "aggregates": []
        }
      },
      {
        "type": "percentile_stats",
        "enabled": false,
        "computeOnBuildMode": "NO",
        "meta": {
          "name": "Columns percentiles",
          "level": 4
        },
        "configuration": {
          "aggregates": []
        }
      },
      {
        "type": "verify_col",
        "enabled": false,
        "computeOnBuildMode": "NO",
        "meta": {
          "name": "Data validity",
          "level": 4
        },
        "configuration": {
          "aggregates": []
        }
      },
      {
        "type": "python",
        "enabled": true,
        "computeOnBuildMode": "NO",
        "meta": {
          "name": "Python probe",
          "level": 8
        },
        "configuration": {
          "code": "# Define here a function that returns the metric.\ndef process(dataset, partition_id):\n    # dataset is a dataiku.Dataset object\n    return {\u0027metric_name1\u0027 : 42, \u0027metric_name2\u0027 : True}\n",
          "envSelection": {
            "envMode": "INHERIT"
          }
        }
      }
    ],
    "engineConfig": {
      "padRunsWithMetrics": false,
      "hive": {
        "active": true,
        "extraConf": []
      },
      "basic": {},
      "dss": {
        "active": true,
        "selection": {
          "useMemTable": false,
          "filter": {
            "distinct": false,
            "enabled": false
          },
          "partitionSelectionMethod": "ALL",
          "latestPartitionsN": 1,
          "ordering": {
            "enabled": false,
            "rules": []
          },
          "samplingMethod": "FULL",
          "maxRecords": -1,
          "targetRatio": 0.02,
          "withinFirstN": -1,
          "maxReadUncompressedBytes": -1
        }
      },
      "sql": {
        "active": true
      },
      "impala": {
        "active": true
      },
      "python": {}
    },
    "displayedState": {
      "partition": "NP",
      "columns": [],
      "metrics": [
        "basic:COUNT_COLUMNS",
        "basic:COUNT_FILES",
        "basic:SIZE",
        "records:COUNT_RECORDS",
        "reporting:BUILD_START_DATE",
        "reporting:BUILD_SUCCESS",
        "check:CHECK:Custom check",
        "reporting:METRICS_COMPUTATION_DURATION"
      ]
    }
  },
  "metricsChecks": {
    "runOnBuild": false,
    "checks": [
      {
        "code": "def process(last_values, dataset, partition_id):\n    df \u003d dataset.get_dataframe()\n    nbr_unique_traps \u003d len(df[\u0027Trap\u0027].unique())\n    \n    if nbr_unique_traps \u003e 100:\n        return \u0027OK\u0027, \u0027Number of unique traps: {}\u0027.format(nbr_unique_traps)\n    elif nbr_unique_traps \u003e 80 and nbr_unique_traps \u003c\u003d100:\n        return \u0027WARNING\u0027, \u0027Number of unique traps: {}\u0027.format(nbr_unique_traps)\n    else:\n        return \u0027ERROR\u0027, \u0027Number of unique traps: {}\u0027.format(nbr_unique_traps)\n\n",
        "envSelection": {
          "envMode": "INHERIT"
        },
        "type": "python",
        "meta": {
          "name": "Custom check"
        },
        "computeOnBuildMode": "PARTITION"
      }
    ],
    "displayedState": {
      "partition": "NP",
      "checks": []
    }
  }
}