{
  "params": {
    "ttPolicy": "SPLIT_SINGLE_DATASET",
    "ssdSplitMode": "RANDOM",
    "splitBeforePrepare": true,
    "ssdSelection": {
      "useMemTable": false,
      "filter": {
        "distinct": false,
        "enabled": false
      },
      "partitionSelectionMethod": "ALL",
      "latestPartitionsN": 1,
      "ordering": {
        "enabled": false,
        "rules": []
      },
      "samplingMethod": "HEAD_SEQUENTIAL",
      "maxRecords": 100000,
      "targetRatio": 0.02,
      "withinFirstN": -1,
      "maxReadUncompressedBytes": -1
    },
    "ssdTrainingRatio": 0.8,
    "ssdSeed": 1337,
    "kfold": false,
    "nFolds": 5,
    "instanceIdRefresher": 0,
    "subSamplingSeed": 1337
  },
  "generationDate": 1528113514799,
  "format": "csv1",
  "schema": {
    "userModified": false,
    "columns": [
      {
        "name": "Trap",
        "type": "string",
        "timestampNoTzAsDate": false,
        "maxLength": -1
      },
      {
        "name": "Date",
        "type": "string",
        "timestampNoTzAsDate": false,
        "maxLength": -1
      },
      {
        "name": "Date_parsed",
        "type": "date",
        "timestampNoTzAsDate": false,
        "maxLength": -1
      },
      {
        "name": "year",
        "type": "bigint",
        "timestampNoTzAsDate": false,
        "maxLength": -1
      },
      {
        "name": "Day_number",
        "type": "bigint",
        "timestampNoTzAsDate": false,
        "maxLength": -1
      },
      {
        "name": "Address",
        "type": "string",
        "timestampNoTzAsDate": false,
        "maxLength": -1
      },
      {
        "name": "Block",
        "type": "bigint",
        "timestampNoTzAsDate": false,
        "maxLength": -1
      },
      {
        "name": "Street",
        "type": "string",
        "timestampNoTzAsDate": false,
        "maxLength": -1
      },
      {
        "name": "AddressNumberAndStreet",
        "type": "string",
        "timestampNoTzAsDate": false,
        "maxLength": -1
      },
      {
        "name": "Latitude",
        "type": "double",
        "timestampNoTzAsDate": false,
        "maxLength": -1
      },
      {
        "name": "Longitude",
        "type": "double",
        "timestampNoTzAsDate": false,
        "maxLength": -1
      },
      {
        "name": "AddressAccuracy",
        "type": "bigint",
        "timestampNoTzAsDate": false,
        "maxLength": -1
      },
      {
        "name": "position",
        "type": "string",
        "timestampNoTzAsDate": false,
        "maxLength": -1
      },
      {
        "name": "weather_Tmax",
        "type": "bigint",
        "timestampNoTzAsDate": false,
        "maxLength": -1
      },
      {
        "name": "weather_Tmin",
        "type": "bigint",
        "timestampNoTzAsDate": false,
        "maxLength": -1
      },
      {
        "name": "weather_Tavg",
        "type": "bigint",
        "timestampNoTzAsDate": false,
        "maxLength": -1
      },
      {
        "name": "weather_Depart",
        "type": "bigint",
        "timestampNoTzAsDate": false,
        "maxLength": -1
      },
      {
        "name": "weather_DewPoint",
        "type": "bigint",
        "timestampNoTzAsDate": false,
        "maxLength": -1
      },
      {
        "name": "weather_WetBulb",
        "type": "bigint",
        "timestampNoTzAsDate": false,
        "maxLength": -1
      },
      {
        "name": "weather_Heat",
        "type": "bigint",
        "timestampNoTzAsDate": false,
        "maxLength": -1
      },
      {
        "name": "weather_Cool",
        "type": "bigint",
        "timestampNoTzAsDate": false,
        "maxLength": -1
      },
      {
        "name": "weather_Sunrise",
        "type": "string",
        "timestampNoTzAsDate": false,
        "maxLength": -1
      },
      {
        "name": "weather_Sunset",
        "type": "bigint",
        "timestampNoTzAsDate": false,
        "maxLength": -1
      },
      {
        "name": "daylight_time",
        "type": "double",
        "timestampNoTzAsDate": false,
        "maxLength": -1
      },
      {
        "name": "weather_CodeSum",
        "type": "string",
        "timestampNoTzAsDate": false,
        "maxLength": -1
      },
      {
        "name": "weather_SnowFall",
        "type": "double",
        "timestampNoTzAsDate": false,
        "maxLength": -1
      },
      {
        "name": "weather_PrecipTotal",
        "type": "double",
        "timestampNoTzAsDate": false,
        "maxLength": -1
      },
      {
        "name": "weather_StnPressure",
        "type": "double",
        "timestampNoTzAsDate": false,
        "maxLength": -1
      },
      {
        "name": "weather_SeaLevel",
        "type": "double",
        "timestampNoTzAsDate": false,
        "maxLength": -1
      },
      {
        "name": "weather_ResultSpeed",
        "type": "double",
        "timestampNoTzAsDate": false,
        "maxLength": -1
      },
      {
        "name": "weather_ResultDir",
        "type": "bigint",
        "timestampNoTzAsDate": false,
        "maxLength": -1
      },
      {
        "name": "weather_AvgSpeed",
        "type": "double",
        "timestampNoTzAsDate": false,
        "maxLength": -1
      },
      {
        "name": "Species_concat",
        "type": "string",
        "timestampNoTzAsDate": false,
        "maxLength": -1
      },
      {
        "name": "NumMosquitos_sum",
        "type": "bigint",
        "timestampNoTzAsDate": false,
        "maxLength": -1
      },
      {
        "name": "WnvPresent_max",
        "type": "bigint",
        "timestampNoTzAsDate": false,
        "maxLength": -1
      },
      {
        "name": "count",
        "type": "bigint",
        "timestampNoTzAsDate": false,
        "maxLength": -1
      }
    ]
  },
  "trainPath": "/data/dss6/design/saved_models/WESTNILE_VIRUS_JY/gSOkSUhk/versions/1528113514792/split/train.csv",
  "testPath": "/data/dss6/design/saved_models/WESTNILE_VIRUS_JY/gSOkSUhk/versions/1528113514792/split/test.csv",
  "trainRows": 0,
  "testRows": 0,
  "fullRows": 0
}