[
    {
        "parameters": {
            "max_features": "auto", 
            "min_samples_split": 3, 
            "n_estimators": 100, 
            "max_depth": 16, 
            "min_samples_leaf": 1
        }, 
        "score_time": 576, 
        "test_score": 0.879336269879177, 
        "fit_time": 3414, 
        "num_samples": 1241, 
        "best_iteration": null, 
        "train_score": 0.9993544857768053, 
        "parameter_id": 1, 
        "time": 3990, 
        "done_at": 1528113520679, 
        "grid_point_id": "{\"max_features\": \"auto\", \"min_samples_split\": 3, \"n_estimators\": 100, \"max_depth\": 16, \"min_samples_leaf\": 1}@2"
    }, 
    {
        "parameters": {
            "max_features": "auto", 
            "min_samples_split": 3, 
            "n_estimators": 100, 
            "max_depth": 16, 
            "min_samples_leaf": 1
        }, 
        "score_time": 597, 
        "test_score": 0.878005249343832, 
        "fit_time": 3589, 
        "num_samples": 1243, 
        "best_iteration": null, 
        "train_score": 0.9991925476770894, 
        "parameter_id": 1, 
        "time": 4186, 
        "done_at": 1528113520853, 
        "grid_point_id": "{\"max_features\": \"auto\", \"min_samples_split\": 3, \"n_estimators\": 100, \"max_depth\": 16, \"min_samples_leaf\": 1}@0"
    }, 
    {
        "parameters": {
            "max_features": "auto", 
            "min_samples_split": 3, 
            "n_estimators": 100, 
            "max_depth": 6, 
            "min_samples_leaf": 1
        }, 
        "score_time": 704, 
        "test_score": 0.8754943132108486, 
        "fit_time": 3439, 
        "num_samples": 1243, 
        "best_iteration": null, 
        "train_score": 0.9588980365927712, 
        "parameter_id": 0, 
        "time": 4143, 
        "done_at": 1528113520793, 
        "grid_point_id": "{\"max_features\": \"auto\", \"min_samples_split\": 3, \"n_estimators\": 100, \"max_depth\": 6, \"min_samples_leaf\": 1}@0"
    }, 
    {
        "parameters": {
            "max_features": "auto", 
            "min_samples_split": 3, 
            "n_estimators": 100, 
            "max_depth": 16, 
            "min_samples_leaf": 1
        }, 
        "score_time": 632, 
        "test_score": 0.87922942206655, 
        "fit_time": 3605, 
        "num_samples": 1242, 
        "best_iteration": null, 
        "train_score": 0.9989993732337838, 
        "parameter_id": 1, 
        "time": 4237, 
        "done_at": 1528113520908, 
        "grid_point_id": "{\"max_features\": \"auto\", \"min_samples_split\": 3, \"n_estimators\": 100, \"max_depth\": 16, \"min_samples_leaf\": 1}@1"
    }, 
    {
        "parameters": {
            "max_features": "auto", 
            "min_samples_split": 3, 
            "n_estimators": 100, 
            "max_depth": 6, 
            "min_samples_leaf": 1
        }, 
        "score_time": 699, 
        "test_score": 0.8773063383396134, 
        "fit_time": 3482, 
        "num_samples": 1241, 
        "best_iteration": null, 
        "train_score": 0.9560065645514224, 
        "parameter_id": 0, 
        "time": 4181, 
        "done_at": 1528113520837, 
        "grid_point_id": "{\"max_features\": \"auto\", \"min_samples_split\": 3, \"n_estimators\": 100, \"max_depth\": 6, \"min_samples_leaf\": 1}@2"
    }, 
    {
        "parameters": {
            "max_features": "auto", 
            "min_samples_split": 3, 
            "n_estimators": 100, 
            "max_depth": 6, 
            "min_samples_leaf": 1
        }, 
        "score_time": 727, 
        "test_score": 0.8850131348511383, 
        "fit_time": 3346, 
        "num_samples": 1242, 
        "best_iteration": null, 
        "train_score": 0.9534378676753571, 
        "parameter_id": 0, 
        "time": 4073, 
        "done_at": 1528113520727, 
        "grid_point_id": "{\"max_features\": \"auto\", \"min_samples_split\": 3, \"n_estimators\": 100, \"max_depth\": 6, \"min_samples_leaf\": 1}@1"
    }
]