{
  "state": "DONE",
  "postSearchDescription": {
    "importantParams": [
      {
        "name": "trees",
        "val": "100"
      },
      {
        "name": "depth",
        "val": "6"
      },
      {
        "name": "min_samples",
        "val": "1"
      }
    ]
  },
  "sampleWeightsEnabled": false,
  "progress": {
    "top_level_todo": [],
    "stack": [],
    "top_level_done": [
      {
        "name": "Loading train set",
        "time": 46
      },
      {
        "name": "Loading test set",
        "time": 34
      },
      {
        "name": "Collecting preprocessing data",
        "time": 80
      },
      {
        "name": "Preprocessing train set",
        "time": 89
      },
      {
        "name": "Preprocessing test set",
        "time": 63
      },
      {
        "name": "Grid searching",
        "time": 5073
      },
      {
        "name": "Fitting model",
        "time": 450
      },
      {
        "name": "Saving model",
        "time": 34
      },
      {
        "name": "Scoring model",
        "time": 960
      }
    ]
  },
  "startTime": 1528113516308,
  "endTime": 1528113523140,
  "preprocessingTime": 0,
  "trainingTime": 6832
}