{
    "per_feature": {
        "weather_DewPoint": {
            "stats": {}
        }, 
        "weather_ResultDir": {
            "stats": {}
        }, 
        "weather_Tmin": {
            "stats": {}
        }, 
        "weather_PrecipTotal": {
            "stats": {}
        }, 
        "weather_Sunset": {
            "stats": {}
        }, 
        "NumMosquitos_sum": {
            "stats": {
                "std": 127.18079533194042, 
                "p99": 379.75, 
                "min": 1.0, 
                "max": 3002.0, 
                "average": 30.02710681696189, 
                "median": 7.0
            }, 
            "missing_impute_with_value": 30.02710681696189
        }, 
        "weather_WetBulb": {
            "stats": {}
        }, 
        "weather_ResultSpeed": {
            "stats": {}
        }, 
        "year": {
            "stats": {}
        }, 
        "Latitude": {
            "stats": {}
        }, 
        "Day_number": {
            "stats": {}
        }, 
        "weather_Heat": {
            "stats": {}
        }, 
        "daylight_time": {
            "stats": {
                "std": 1.1244227946833114, 
                "p99": 15.233333333333333, 
                "min": 11.383333333333333, 
                "max": 15.233333333333333, 
                "average": 13.949973161567298, 
                "median": 14.216666666666667
            }, 
            "missing_impute_with_value": 13.949973161567298
        }, 
        "weather_CodeSum": {
            "stats": {}
        }, 
        "weather_Depart": {
            "stats": {}
        }, 
        "weather_Cool": {
            "stats": {}
        }, 
        "Address": {
            "stats": {}
        }, 
        "Date": {
            "stats": {}
        }, 
        "weather_Tmax": {
            "stats": {}
        }, 
        "AddressNumberAndStreet": {
            "stats": {}
        }, 
        "weather_SnowFall": {
            "stats": {}
        }, 
        "weather_StnPressure": {
            "stats": {}
        }, 
        "weather_Tavg": {
            "stats": {}
        }, 
        "Longitude": {
            "stats": {}
        }, 
        "Trap": {
            "stats": {}
        }, 
        "weather_Sunrise": {
            "stats": {}
        }, 
        "Block": {
            "stats": {}
        }, 
        "count": {
            "stats": {
                "std": 2.993953698624861, 
                "p99": 14.75, 
                "min": 1.0, 
                "max": 64.0, 
                "average": 2.2879763821792807, 
                "median": 2.0
            }, 
            "missing_impute_with_value": 2.2879763821792807
        }, 
        "weather_AvgSpeed": {
            "stats": {}
        }, 
        "AddressAccuracy": {
            "stats": {}
        }, 
        "weather_SeaLevel": {
            "stats": {}
        }, 
        "WnvPresent_max": {
            "stats": {}
        }, 
        "Street": {
            "stats": {}
        }, 
        "Species_concat": {
            "stats": {}
        }, 
        "position": {
            "stats": {}
        }, 
        "Date_parsed": {
            "stats": {}
        }
    }, 
    "feature_order": [
        "weather_Depart", 
        "weather_ResultDir", 
        "weather_Tmin", 
        "weather_PrecipTotal", 
        "weather_Sunrise", 
        "NumMosquitos_sum", 
        "weather_WetBulb", 
        "weather_ResultSpeed", 
        "year", 
        "Latitude", 
        "Day_number", 
        "weather_Heat", 
        "daylight_time", 
        "weather_CodeSum", 
        "weather_DewPoint", 
        "Date_parsed", 
        "weather_Cool", 
        "Address", 
        "Date", 
        "weather_Tmax", 
        "AddressNumberAndStreet", 
        "weather_SnowFall", 
        "weather_StnPressure", 
        "weather_Tavg", 
        "Longitude", 
        "Trap", 
        "weather_Sunset", 
        "Block", 
        "count", 
        "weather_AvgSpeed", 
        "AddressAccuracy", 
        "weather_SeaLevel", 
        "WnvPresent_max", 
        "Street", 
        "Species_concat", 
        "position"
    ]
}