{
  "trainedWithDSSVersion": "4.3.0",
  "isValid": true,
  "type": "BINARY_PROBABILISTIC",
  "algorithm_name": "FOREST_CLASSIFIER",
  "columns": [
    "AddressAccuracy",
    "Block",
    "Date_parsed",
    "Day_number",
    "Latitude",
    "Longitude",
    "NumMosquitos_sum",
    "count",
    "daylight_time",
    "weather_AvgSpeed",
    "weather_Cool",
    "weather_Depart",
    "weather_DewPoint",
    "weather_Heat",
    "weather_PrecipTotal",
    "weather_ResultDir",
    "weather_ResultSpeed",
    "weather_SeaLevel",
    "weather_SnowFall",
    "weather_StnPressure",
    "weather_Sunset",
    "weather_Tavg",
    "weather_Tmax",
    "weather_Tmin",
    "weather_WetBulb",
    "year",
    "dummy:weather_Sunrise:0416",
    "dummy:weather_Sunrise:0528",
    "dummy:weather_Sunrise:0417",
    "dummy:weather_Sunrise:0459",
    "dummy:weather_Sunrise:0419",
    "dummy:weather_Sunrise:0445",
    "dummy:weather_Sunrise:0451",
    "dummy:weather_Sunrise:0438",
    "dummy:weather_Sunrise:0426",
    "dummy:weather_Sunrise:0418",
    "dummy:weather_Sunrise:0536",
    "dummy:weather_Sunrise:0506",
    "dummy:weather_Sunrise:0552",
    "dummy:weather_Sunrise:0433",
    "dummy:weather_Sunrise:0509",
    "dummy:weather_Sunrise:0505",
    "dummy:weather_Sunrise:0542",
    "dummy:weather_Sunrise:0541",
    "dummy:weather_Sunrise:0522",
    "dummy:weather_Sunrise:0427",
    "dummy:weather_Sunrise:0514",
    "dummy:weather_Sunrise:0452",
    "dummy:weather_Sunrise:0429",
    "dummy:weather_Sunrise:0511",
    "dummy:weather_Sunrise:0532",
    "dummy:weather_Sunrise:0440",
    "dummy:weather_Sunrise:0543",
    "dummy:weather_Sunrise:0533",
    "dummy:weather_Sunrise:0449",
    "dummy:weather_Sunrise:0431",
    "dummy:weather_Sunrise:0424",
    "dummy:weather_Sunrise:0503",
    "dummy:weather_Sunrise:0432",
    "dummy:weather_Sunrise:0442",
    "dummy:weather_Sunrise:0540",
    "dummy:weather_Sunrise:0423",
    "dummy:weather_Sunrise:0444",
    "dummy:weather_Sunrise:0421",
    "dummy:weather_Sunrise:0520",
    "dummy:weather_Sunrise:0456",
    "dummy:weather_Sunrise:0535",
    "dummy:weather_Sunrise:0530",
    "dummy:weather_Sunrise:0420",
    "dummy:weather_Sunrise:0457",
    "dummy:weather_Sunrise:0437",
    "dummy:weather_Sunrise:0510",
    "dummy:weather_Sunrise:0547",
    "dummy:weather_Sunrise:0521",
    "dummy:weather_Sunrise:0548",
    "dummy:weather_Sunrise:0512",
    "dummy:weather_Sunrise:0446",
    "dummy:weather_Sunrise:0517",
    "dummy:weather_Sunrise:0425",
    "dummy:weather_Sunrise:0519",
    "dummy:weather_Sunrise:0428",
    "dummy:weather_Sunrise:0518",
    "dummy:weather_Sunrise:0513",
    "dummy:weather_Sunrise:0557",
    "dummy:weather_Sunrise:0501",
    "dummy:weather_Sunrise:0453",
    "dummy:weather_Sunrise:0500",
    "dummy:weather_Sunrise:0447",
    "dummy:weather_Sunrise:N/A",
    "dummy:weather_Sunrise:__Others__",
    "dummy:weather_CodeSum:RA BR",
    "dummy:weather_CodeSum:RA",
    "dummy:weather_CodeSum:HZ",
    "dummy:weather_CodeSum:TSRA RA BR",
    "dummy:weather_CodeSum:BR HZ",
    "dummy:weather_CodeSum:BR",
    "dummy:weather_CodeSum:TSRA RA",
    "dummy:weather_CodeSum:RA BR HZ",
    "dummy:weather_CodeSum:TS BR",
    "dummy:weather_CodeSum:RA DZ BR",
    "dummy:weather_CodeSum:TS TSRA RA FG BR HZ",
    "dummy:weather_CodeSum:TSRA RA BR VCTS",
    "dummy:weather_CodeSum:TS TSRA BR",
    "dummy:weather_CodeSum:TSRA BR HZ VCTS",
    "dummy:weather_CodeSum:TS TSRA RA",
    "dummy:weather_CodeSum:DZ BR",
    "dummy:weather_CodeSum:RA HZ",
    "dummy:weather_CodeSum:TS RA",
    "dummy:weather_CodeSum:N/A",
    "dummy:weather_CodeSum:__Others__",
    "dummy:Date:2007-08-15",
    "dummy:Date:2007-08-01",
    "dummy:Date:2007-10-04",
    "dummy:Date:2007-08-07",
    "dummy:Date:2007-08-24",
    "dummy:Date:2007-08-21",
    "dummy:Date:2007-09-12",
    "dummy:Date:2007-07-11",
    "dummy:Date:2007-09-24",
    "dummy:Date:2013-07-19",
    "dummy:Date:2009-09-25",
    "dummy:Date:2011-07-25",
    "dummy:Date:2013-08-29",
    "dummy:Date:2013-09-12",
    "dummy:Date:2013-07-12",
    "dummy:Date:2013-09-19",
    "dummy:Date:2013-08-01",
    "dummy:Date:2013-08-15",
    "dummy:Date:2011-09-12",
    "dummy:Date:2013-07-25",
    "dummy:Date:2011-07-15",
    "dummy:Date:2011-09-16",
    "dummy:Date:2011-08-26",
    "dummy:Date:2013-09-26",
    "dummy:Date:2013-08-22",
    "dummy:Date:2013-09-06",
    "dummy:Date:2009-09-17",
    "dummy:Date:2011-08-05",
    "dummy:Date:2013-06-14",
    "dummy:Date:2009-07-17",
    "dummy:Date:2013-08-08",
    "dummy:Date:2011-07-11",
    "dummy:Date:2011-08-19",
    "dummy:Date:2013-07-08",
    "dummy:Date:2013-06-21",
    "dummy:Date:2007-07-18",
    "dummy:Date:2011-06-17",
    "dummy:Date:2011-07-29",
    "dummy:Date:2009-08-07",
    "dummy:Date:2011-09-23",
    "dummy:Date:2011-06-24",
    "dummy:Date:2009-07-31",
    "dummy:Date:2009-07-06",
    "dummy:Date:2007-09-04",
    "dummy:Date:2007-09-18",
    "dummy:Date:2011-08-12",
    "dummy:Date:2009-06-02",
    "dummy:Date:2009-06-19",
    "dummy:Date:2009-09-14",
    "dummy:Date:2007-06-26",
    "dummy:Date:2009-06-12",
    "dummy:Date:2009-06-26",
    "dummy:Date:2011-06-30",
    "dummy:Date:2007-07-27",
    "dummy:Date:2007-09-19",
    "dummy:Date:2007-07-02",
    "dummy:Date:2009-06-05",
    "dummy:Date:2013-06-07",
    "dummy:Date:2009-08-13",
    "dummy:Date:2007-06-05",
    "dummy:Date:2009-07-24",
    "dummy:Date:2009-05-28",
    "dummy:Date:2009-08-25",
    "dummy:Date:2007-06-29",
    "dummy:Date:2007-09-05",
    "dummy:Date:2011-09-30",
    "dummy:Date:2009-10-01",
    "dummy:Date:2009-08-27",
    "dummy:Date:2009-07-10",
    "dummy:Date:2007-08-02",
    "dummy:Date:2011-09-01",
    "dummy:Date:2013-06-27",
    "dummy:Date:2013-06-28",
    "dummy:Date:2007-08-22",
    "dummy:Date:2009-09-03",
    "dummy:Date:2011-06-10",
    "dummy:Date:2009-07-13",
    "dummy:Date:2009-07-27",
    "dummy:Date:2007-05-29",
    "dummy:Date:2007-07-19",
    "dummy:Date:2011-09-02",
    "dummy:Date:2007-08-28",
    "dummy:Date:2007-09-06",
    "dummy:Date:2007-10-09",
    "dummy:Date:2009-06-15",
    "dummy:Date:2007-09-25",
    "dummy:Date:2007-08-17",
    "dummy:Date:2009-06-29",
    "dummy:Date:2007-08-09",
    "dummy:Date:2007-08-08",
    "dummy:Date:2007-07-25",
    "dummy:Date:2009-06-22",
    "dummy:Date:2007-08-16",
    "dummy:Date:2007-08-03",
    "dummy:Date:2009-06-03",
    "dummy:Date:N/A",
    "dummy:Date:__Others__",
    "dummy:Trap:T003",
    "dummy:Trap:T031",
    "dummy:Trap:T135",
    "dummy:Trap:T115",
    "dummy:Trap:T047",
    "dummy:Trap:T138",
    "dummy:Trap:T151",
    "dummy:Trap:T002",
    "dummy:Trap:T220",
    "dummy:Trap:T090",
    "dummy:Trap:T152",
    "dummy:Trap:T011",
    "dummy:Trap:T158",
    "dummy:Trap:T209",
    "dummy:Trap:T030",
    "dummy:Trap:T073",
    "dummy:Trap:T074",
    "dummy:Trap:T039",
    "dummy:Trap:T046",
    "dummy:Trap:T048",
    "dummy:Trap:T114",
    "dummy:Trap:T900",
    "dummy:Trap:T082",
    "dummy:Trap:T033",
    "dummy:Trap:T066",
    "dummy:Trap:T012",
    "dummy:Trap:T028",
    "dummy:Trap:T128",
    "dummy:Trap:T212",
    "dummy:Trap:T095",
    "dummy:Trap:T049",
    "dummy:Trap:T008",
    "dummy:Trap:T145",
    "dummy:Trap:T102",
    "dummy:Trap:T054",
    "dummy:Trap:T094",
    "dummy:Trap:T009",
    "dummy:Trap:T159",
    "dummy:Trap:T013",
    "dummy:Trap:T155",
    "dummy:Trap:T061",
    "dummy:Trap:T089",
    "dummy:Trap:T063",
    "dummy:Trap:T017",
    "dummy:Trap:T147",
    "dummy:Trap:T062",
    "dummy:Trap:T079",
    "dummy:Trap:T069",
    "dummy:Trap:T065",
    "dummy:Trap:T221",
    "dummy:Trap:T080",
    "dummy:Trap:T083",
    "dummy:Trap:T225",
    "dummy:Trap:T903",
    "dummy:Trap:T027",
    "dummy:Trap:T018",
    "dummy:Trap:T230",
    "dummy:Trap:T218",
    "dummy:Trap:T035",
    "dummy:Trap:T160",
    "dummy:Trap:T226",
    "dummy:Trap:T223",
    "dummy:Trap:T200",
    "dummy:Trap:T043",
    "dummy:Trap:T224",
    "dummy:Trap:T222",
    "dummy:Trap:T228",
    "dummy:Trap:T148",
    "dummy:Trap:T227",
    "dummy:Trap:T144",
    "dummy:Trap:T232",
    "dummy:Trap:T016",
    "dummy:Trap:T235",
    "dummy:Trap:T099",
    "dummy:Trap:T081",
    "dummy:Trap:T077",
    "dummy:Trap:T153",
    "dummy:Trap:T233",
    "dummy:Trap:T086",
    "dummy:Trap:T231",
    "dummy:Trap:T045",
    "dummy:Trap:T236",
    "dummy:Trap:T019",
    "dummy:Trap:T037",
    "dummy:Trap:T143",
    "dummy:Trap:T096",
    "dummy:Trap:T085",
    "dummy:Trap:T007",
    "dummy:Trap:T150",
    "dummy:Trap:T146",
    "dummy:Trap:T025",
    "dummy:Trap:T091",
    "dummy:Trap:T215",
    "dummy:Trap:T051",
    "dummy:Trap:T084",
    "dummy:Trap:T006",
    "dummy:Trap:T129",
    "dummy:Trap:T141",
    "dummy:Trap:T092",
    "dummy:Trap:T088",
    "dummy:Trap:T162",
    "dummy:Trap:N/A",
    "dummy:Trap:__Others__",
    "dummy:Street:S ASHLAND AVE",
    "dummy:Street:N PULASKI RD",
    "dummy:Street:W 51ST ST",
    "dummy:Street:S STONY ISLAND AVE",
    "dummy:Street:N OAK PARK AVE",
    "dummy:Street:N MILWAUKEE AVE",
    "dummy:Street:W 95TH ST",
    "dummy:Street:S CENTRAL AVE",
    "dummy:Street:W 127TH PL",
    "dummy:Street:S DOTY AVE",
    "dummy:Street:S CALIFORNIA",
    "dummy:Street:S KEDZIE AVE",
    "dummy:Street:N CAMPBELL AVE",
    "dummy:Street:W ARMITAGE AVENUE",
    "dummy:Street:N PITTSBURGH AVE",
    "dummy:Street:S MILLARD AVE",
    "dummy:Street:W 116TH ST",
    "dummy:Street:N CANNON DR",
    "dummy:Street:S BRANDON",
    "dummy:Street:N CENTRAL PARK DR",
    "dummy:Street:E 67TH ST",
    "dummy:Street:S KOLMAR",
    "dummy:Street:W ROOSEVELT",
    "dummy:Street:W GRAND AVE",
    "dummy:Street:N HUMBOLDT DR",
    "dummy:Street:W OHARE AIRPORT",
    "dummy:Street:S UNION AVE",
    "dummy:Street:E 118TH ST",
    "dummy:Street:W 104TH ST",
    "dummy:Street:N WESTERN AVE",
    "dummy:Street:E 105TH ST",
    "dummy:Street:N LEMONT AVE",
    "dummy:Street:N MOSELL AVE",
    "dummy:Street:W CHICAGO",
    "dummy:Street:N ASHLAND AVE OVERPASS",
    "dummy:Street:S COTTAGE GROVE",
    "dummy:Street:S CARPENTER ST",
    "dummy:Street:W FULLERTON AVE",
    "dummy:Street:S PULASKI RD",
    "dummy:Street:S VINCENNES",
    "dummy:Street:N FRANCISCO AVE",
    "dummy:Street:W MONTROSE DR",
    "dummy:Street:W 64TH ST",
    "dummy:Street:S SOUTH SHORE DR",
    "dummy:Street:W 69TH ST",
    "dummy:Street:S CHICAGO AVE",
    "dummy:Street:W 63RD ST",
    "dummy:Street:S EBERHART AVE",
    "dummy:Street:E 130TH ST",
    "dummy:Street:W OHARE",
    "dummy:Street:S KOSTNER AVE",
    "dummy:Street:W GREENLEAF AVE",
    "dummy:Street:N LARAMIE AVE",
    "dummy:Street:N KEDVALE AVE",
    "dummy:Street:W HIGGINS RD",
    "dummy:Street:S ARTESIAN AVE",
    "dummy:Street:W GARFIELD BLVD",
    "dummy:Street:N MONT CLARE AVE",
    "dummy:Street:S TORRENCE AVE",
    "dummy:Street:W 18TH ST",
    "dummy:Street:W ADDISON ST",
    "dummy:Street:N SPRINGFIELD AVE",
    "dummy:Street:W MONTANA ST",
    "dummy:Street:N OAKLEY AVE",
    "dummy:Street:N RUTHERFORD AVE",
    "dummy:Street:E 91ST PL",
    "dummy:Street:N ASHLAND AVE",
    "dummy:Street:N OKETO AVE",
    "dummy:Street:W 65TH ST",
    "dummy:Street:S MUSKEGON AVE",
    "dummy:Street:S DEARBORN ST",
    "dummy:Street:W 72ND ST",
    "dummy:Street:S HOYNE AVE",
    "dummy:Street:N LONG AVE",
    "dummy:Street:N HARLEM AVE",
    "dummy:Street:W 113TH ST",
    "dummy:Street:N RIDGE AVE",
    "dummy:Street:W WEBSTER AVE",
    "dummy:Street:N MCCLELLAN AVE",
    "dummy:Street:N CALIFORNIA AVE",
    "dummy:Street:S DR MARTIN LUTHER KING JR DR",
    "dummy:Street:W BELDEN AVE",
    "dummy:Street:N RICHMOND ST",
    "dummy:Street:N MANDELL AVE",
    "dummy:Street:W 89TH ST",
    "dummy:Street:W FARWELL AVE",
    "dummy:Street:W BALMORAL AVE",
    "dummy:Street:E 111TH ST",
    "dummy:Street:E 115TH ST",
    "dummy:Street:W HIGGINS AVE",
    "dummy:Street:N STREETER DR",
    "dummy:Street:N AVONDALE AVE",
    "dummy:Street:S STATE ST",
    "dummy:Street:S THROOP",
    "dummy:Street:W AGATITE AVE",
    "dummy:Street:S PEORIA ST",
    "dummy:Street:S CALIFORNIA AVE",
    "dummy:Street:W FOSTER AVE",
    "dummy:Street:S MELVINA AVE",
    "dummy:Street:W 37TH PL.",
    "dummy:Street:N LAWLER AVE",
    "dummy:Street:N/A",
    "dummy:Street:__Others__",
    "dummy:position:POINT(-87.757639 41.964242)",
    "dummy:position:POINT(-87.763416 41.801498)",
    "dummy:position:POINT(-87.724608 41.662014)",
    "dummy:position:POINT(-87.599862 41.673408)",
    "dummy:position:POINT(-87.696269 41.868142)",
    "dummy:position:POINT(-87.800515 41.916265)",
    "dummy:position:POINT(-87.585413 41.726465)",
    "dummy:position:POINT(-87.69181 41.963976)",
    "dummy:position:POINT(-87.800991 41.95469)",
    "dummy:position:POINT(-87.666901 41.868077)",
    "dummy:position:POINT(-87.716277 41.846075)",
    "dummy:position:POINT(-87.832763 41.944869)",
    "dummy:position:POINT(-87.707973 41.682587)",
    "dummy:position:POINT(-87.716788 41.89923)",
    "dummy:position:POINT(-87.546587 41.740641)",
    "dummy:position:POINT(-87.736812 41.798697)",
    "dummy:position:POINT(-87.60088 41.773215)",
    "dummy:position:POINT(-87.654491 41.891118)",
    "dummy:position:POINT(-87.726737 41.911824)",
    "dummy:position:POINT(-87.666343 41.822536)",
    "dummy:position:POINT(-87.654224 41.867108)",
    "dummy:position:POINT(-87.703047 41.77166)",
    "dummy:position:POINT(-87.890615 41.974689)",
    "dummy:position:POINT(-87.642984 41.803423)",
    "dummy:position:POINT(-87.701431 41.906638)",
    "dummy:position:POINT(-87.747113 41.991429)",
    "dummy:position:POINT(-87.703736 41.704336)",
    "dummy:position:POINT(-87.655232 41.896282)",
    "dummy:position:POINT(-87.777921 42.008314)",
    "dummy:position:POINT(-87.689778 41.986921)",
    "dummy:position:POINT(-87.535198 41.680946)",
    "dummy:position:POINT(-87.565666 41.704572)",
    "dummy:position:POINT(-87.632085 41.921965)",
    "dummy:position:POINT(-87.666014 41.720848)",
    "dummy:position:POINT(-87.629798 41.878114)",
    "dummy:position:POINT(-87.605294 41.750498)",
    "dummy:position:POINT(-87.649642 41.732984)",
    "dummy:position:POINT(-87.785288 41.923738)",
    "dummy:position:POINT(-87.679447 41.801179)",
    "dummy:position:POINT(-87.726549 41.82561)",
    "dummy:position:POINT(-87.64997 41.723195)",
    "dummy:position:POINT(-87.777189 41.960616)",
    "dummy:position:POINT(-87.700117 41.932094)",
    "dummy:position:POINT(-87.778927 41.776156)",
    "dummy:position:POINT(-87.71188 41.800737)",
    "dummy:position:POINT(-87.562889 41.766202)",
    "dummy:position:POINT(-87.678649 41.768388)",
    "dummy:position:POINT(-87.752411 41.778297)",
    "dummy:position:POINT(-87.612922 41.754676)",
    "dummy:position:POINT(-87.538693 41.659112)",
    "dummy:position:POINT(-87.590773 41.754292)",
    "dummy:position:POINT(-87.728492 41.984809)",
    "dummy:position:POINT(-87.930995 41.957799)",
    "dummy:position:POINT(-87.731435 41.743402)",
    "dummy:position:POINT(-87.66214 42.010412)",
    "dummy:position:POINT(-87.756155 41.904194)",
    "dummy:position:POINT(-87.730698 41.948167)",
    "dummy:position:POINT(-87.862995 41.992478)",
    "dummy:position:POINT(-87.688267 41.903002)",
    "dummy:position:POINT(-87.654234 41.793818)",
    "dummy:position:POINT(-87.805059 41.973845)",
    "dummy:position:POINT(-87.559308 41.678618)",
    "dummy:position:POINT(-87.671457 41.947227)",
    "dummy:position:POINT(-87.694991 41.857402)",
    "dummy:position:POINT(-87.746381 41.925198)",
    "dummy:position:POINT(-87.725057 41.951866)",
    "dummy:position:POINT(-87.687769 42.01743)",
    "dummy:position:POINT(-87.600963 41.728495)",
    "dummy:position:POINT(-87.794896 41.94016)",
    "dummy:position:POINT(-87.668055 41.912563)",
    "dummy:position:POINT(-87.811506 42.011601)",
    "dummy:position:POINT(-87.627096 41.776428)",
    "dummy:position:POINT(-87.55551 41.733643)",
    "dummy:position:POINT(-87.742302 41.763733)",
    "dummy:position:POINT(-87.627796 41.821582)",
    "dummy:position:POINT(-87.586427 41.778748)",
    "dummy:position:POINT(-87.807277 42.009876)",
    "dummy:position:POINT(-87.760886 41.907645)",
    "dummy:position:POINT(-87.676709 41.688324)",
    "dummy:position:POINT(-87.666066 41.98728)",
    "dummy:position:POINT(-87.666455 41.9216)",
    "dummy:position:POINT(-87.770899 41.994679)",
    "dummy:position:POINT(-87.795585 41.999129)",
    "dummy:position:POINT(-87.698457 41.94983)",
    "dummy:position:POINT(-87.79518 41.921177)",
    "dummy:position:POINT(-87.677512 41.731922)",
    "dummy:position:POINT(-87.675919 42.006858)",
    "dummy:position:POINT(-87.769279 41.994991)",
    "dummy:position:POINT(-87.648064 41.721474)",
    "dummy:position:POINT(-87.702575 41.958271)",
    "dummy:position:POINT(-87.750938 41.979243)",
    "dummy:position:POINT(-87.797127 41.990284)",
    "dummy:position:POINT(-87.812827 41.981964)",
    "dummy:position:POINT(-87.61156 41.891126)",
    "dummy:position:POINT(-87.76007 41.961743)",
    "dummy:position:POINT(-87.677737 41.836644)",
    "dummy:position:POINT(-87.627561 41.869216)",
    "dummy:position:POINT(-87.64886 41.862292)",
    "dummy:position:POINT(-87.531635 41.686398)",
    "dummy:position:POINT(-87.614258 41.725517)",
    "dummy:position:POINT(-87.598865 41.692555)",
    "dummy:position:N/A",
    "dummy:position:__Others__"
  ],
  "classes": [
    "0",
    "1"
  ]
}