{
    "details": {
        "weather_CodeSum": {
            "levels": [
                "RA BR", 
                "RA", 
                "HZ", 
                "TSRA RA BR", 
                "BR HZ", 
                "BR", 
                "TSRA RA", 
                "RA BR HZ", 
                "TS BR", 
                "RA DZ BR", 
                "TS TSRA RA FG BR HZ", 
                "TSRA RA BR VCTS", 
                "TS TSRA BR", 
                "TSRA BR HZ VCTS", 
                "TS TSRA RA", 
                "DZ BR", 
                "RA HZ", 
                "TS RA"
            ], 
            "with_others": true
        }, 
        "Street": {
            "levels": [
                "S ASHLAND AVE", 
                "N PULASKI RD", 
                "W 51ST ST", 
                "S STONY ISLAND AVE", 
                "N OAK PARK AVE", 
                "N MILWAUKEE AVE", 
                "W 95TH ST", 
                "S CENTRAL AVE", 
                "W 127TH PL", 
                "S DOTY AVE", 
                "S CALIFORNIA", 
                "S KEDZIE AVE", 
                "N CAMPBELL AVE", 
                "W ARMITAGE AVENUE", 
                "N PITTSBURGH AVE", 
                "S MILLARD AVE", 
                "W 116TH ST", 
                "N CANNON DR", 
                "S BRANDON", 
                "N CENTRAL PARK DR", 
                "E 67TH ST", 
                "S KOLMAR", 
                "W ROOSEVELT", 
                "W GRAND AVE", 
                "N HUMBOLDT DR", 
                "W OHARE AIRPORT", 
                "S UNION AVE", 
                "E 118TH ST", 
                "W 104TH ST", 
                "N WESTERN AVE", 
                "E 105TH ST", 
                "N LEMONT AVE", 
                "N MOSELL AVE", 
                "W CHICAGO", 
                "N ASHLAND AVE OVERPASS", 
                "S COTTAGE GROVE", 
                "S CARPENTER ST", 
                "W FULLERTON AVE", 
                "S PULASKI RD", 
                "S VINCENNES", 
                "N FRANCISCO AVE", 
                "W MONTROSE DR", 
                "W 64TH ST", 
                "S SOUTH SHORE DR", 
                "W 69TH ST", 
                "S CHICAGO AVE", 
                "W 63RD ST", 
                "S EBERHART AVE", 
                "E 130TH ST", 
                "W OHARE", 
                "S KOSTNER AVE", 
                "W GREENLEAF AVE", 
                "N LARAMIE AVE", 
                "N KEDVALE AVE", 
                "W HIGGINS RD", 
                "S ARTESIAN AVE", 
                "W GARFIELD BLVD", 
                "N MONT CLARE AVE", 
                "S TORRENCE AVE", 
                "W 18TH ST", 
                "W ADDISON ST", 
                "N SPRINGFIELD AVE", 
                "W MONTANA ST", 
                "N OAKLEY AVE", 
                "N RUTHERFORD AVE", 
                "E 91ST PL", 
                "N ASHLAND AVE", 
                "N OKETO AVE", 
                "W 65TH ST", 
                "S MUSKEGON AVE", 
                "S DEARBORN ST", 
                "W 72ND ST", 
                "S HOYNE AVE", 
                "N LONG AVE", 
                "N HARLEM AVE", 
                "W 113TH ST", 
                "N RIDGE AVE", 
                "W WEBSTER AVE", 
                "N MCCLELLAN AVE", 
                "N CALIFORNIA AVE", 
                "S DR MARTIN LUTHER KING JR DR", 
                "W BELDEN AVE", 
                "N RICHMOND ST", 
                "N MANDELL AVE", 
                "W 89TH ST", 
                "W FARWELL AVE", 
                "W BALMORAL AVE", 
                "E 111TH ST", 
                "E 115TH ST", 
                "W HIGGINS AVE", 
                "N STREETER DR", 
                "N AVONDALE AVE", 
                "S STATE ST", 
                "S THROOP", 
                "W AGATITE AVE", 
                "S PEORIA ST", 
                "S CALIFORNIA AVE", 
                "W FOSTER AVE", 
                "S MELVINA AVE", 
                "W 37TH PL.", 
                "N LAWLER AVE"
            ], 
            "with_others": true
        }, 
        "Trap": {
            "levels": [
                "T003", 
                "T031", 
                "T135", 
                "T115", 
                "T047", 
                "T138", 
                "T151", 
                "T002", 
                "T220", 
                "T090", 
                "T152", 
                "T011", 
                "T158", 
                "T209", 
                "T030", 
                "T073", 
                "T074", 
                "T039", 
                "T046", 
                "T048", 
                "T114", 
                "T900", 
                "T082", 
                "T033", 
                "T066", 
                "T012", 
                "T028", 
                "T128", 
                "T212", 
                "T095", 
                "T049", 
                "T008", 
                "T145", 
                "T102", 
                "T054", 
                "T094", 
                "T009", 
                "T159", 
                "T013", 
                "T155", 
                "T061", 
                "T089", 
                "T063", 
                "T017", 
                "T147", 
                "T062", 
                "T079", 
                "T069", 
                "T065", 
                "T221", 
                "T080", 
                "T083", 
                "T225", 
                "T903", 
                "T027", 
                "T018", 
                "T230", 
                "T218", 
                "T035", 
                "T160", 
                "T226", 
                "T223", 
                "T200", 
                "T043", 
                "T224", 
                "T222", 
                "T228", 
                "T148", 
                "T227", 
                "T144", 
                "T232", 
                "T016", 
                "T235", 
                "T099", 
                "T081", 
                "T077", 
                "T153", 
                "T233", 
                "T086", 
                "T231", 
                "T045", 
                "T236", 
                "T019", 
                "T037", 
                "T143", 
                "T096", 
                "T085", 
                "T007", 
                "T150", 
                "T146", 
                "T025", 
                "T091", 
                "T215", 
                "T051", 
                "T084", 
                "T006", 
                "T129", 
                "T141", 
                "T092", 
                "T088", 
                "T162"
            ], 
            "with_others": true
        }, 
        "weather_Sunrise": {
            "levels": [
                "0416", 
                "0528", 
                "0417", 
                "0459", 
                "0419", 
                "0445", 
                "0451", 
                "0438", 
                "0426", 
                "0418", 
                "0536", 
                "0506", 
                "0552", 
                "0433", 
                "0509", 
                "0505", 
                "0542", 
                "0541", 
                "0522", 
                "0427", 
                "0514", 
                "0452", 
                "0429", 
                "0511", 
                "0532", 
                "0440", 
                "0543", 
                "0533", 
                "0449", 
                "0431", 
                "0424", 
                "0503", 
                "0432", 
                "0442", 
                "0540", 
                "0423", 
                "0444", 
                "0421", 
                "0520", 
                "0456", 
                "0535", 
                "0530", 
                "0420", 
                "0457", 
                "0437", 
                "0510", 
                "0547", 
                "0521", 
                "0548", 
                "0512", 
                "0446", 
                "0517", 
                "0425", 
                "0519", 
                "0428", 
                "0518", 
                "0513", 
                "0557", 
                "0501", 
                "0453", 
                "0500", 
                "0447"
            ], 
            "with_others": true
        }, 
        "Date": {
            "levels": [
                "2007-08-15", 
                "2007-08-01", 
                "2007-10-04", 
                "2007-08-07", 
                "2007-08-24", 
                "2007-08-21", 
                "2007-09-12", 
                "2007-07-11", 
                "2007-09-24", 
                "2013-07-19", 
                "2009-09-25", 
                "2011-07-25", 
                "2013-08-29", 
                "2013-09-12", 
                "2013-07-12", 
                "2013-09-19", 
                "2013-08-01", 
                "2013-08-15", 
                "2011-09-12", 
                "2013-07-25", 
                "2011-07-15", 
                "2011-09-16", 
                "2011-08-26", 
                "2013-09-26", 
                "2013-08-22", 
                "2013-09-06", 
                "2009-09-17", 
                "2011-08-05", 
                "2013-06-14", 
                "2009-07-17", 
                "2013-08-08", 
                "2011-07-11", 
                "2011-08-19", 
                "2013-07-08", 
                "2013-06-21", 
                "2007-07-18", 
                "2011-06-17", 
                "2011-07-29", 
                "2009-08-07", 
                "2011-09-23", 
                "2011-06-24", 
                "2009-07-31", 
                "2009-07-06", 
                "2007-09-04", 
                "2007-09-18", 
                "2011-08-12", 
                "2009-06-02", 
                "2009-06-19", 
                "2009-09-14", 
                "2007-06-26", 
                "2009-06-12", 
                "2009-06-26", 
                "2011-06-30", 
                "2007-07-27", 
                "2007-09-19", 
                "2007-07-02", 
                "2009-06-05", 
                "2013-06-07", 
                "2009-08-13", 
                "2007-06-05", 
                "2009-07-24", 
                "2009-05-28", 
                "2009-08-25", 
                "2007-06-29", 
                "2007-09-05", 
                "2011-09-30", 
                "2009-10-01", 
                "2009-08-27", 
                "2009-07-10", 
                "2007-08-02", 
                "2011-09-01", 
                "2013-06-27", 
                "2013-06-28", 
                "2007-08-22", 
                "2009-09-03", 
                "2011-06-10", 
                "2009-07-13", 
                "2009-07-27", 
                "2007-05-29", 
                "2007-07-19", 
                "2011-09-02", 
                "2007-08-28", 
                "2007-09-06", 
                "2007-10-09", 
                "2009-06-15", 
                "2007-09-25", 
                "2007-08-17", 
                "2009-06-29", 
                "2007-08-09", 
                "2007-08-08", 
                "2007-07-25", 
                "2009-06-22", 
                "2007-08-16", 
                "2007-08-03", 
                "2009-06-03"
            ], 
            "with_others": true
        }, 
        "position": {
            "levels": [
                "POINT(-87.757639 41.964242)", 
                "POINT(-87.763416 41.801498)", 
                "POINT(-87.724608 41.662014)", 
                "POINT(-87.599862 41.673408)", 
                "POINT(-87.696269 41.868142)", 
                "POINT(-87.800515 41.916265)", 
                "POINT(-87.585413 41.726465)", 
                "POINT(-87.69181 41.963976)", 
                "POINT(-87.800991 41.95469)", 
                "POINT(-87.666901 41.868077)", 
                "POINT(-87.716277 41.846075)", 
                "POINT(-87.832763 41.944869)", 
                "POINT(-87.707973 41.682587)", 
                "POINT(-87.716788 41.89923)", 
                "POINT(-87.546587 41.740641)", 
                "POINT(-87.736812 41.798697)", 
                "POINT(-87.60088 41.773215)", 
                "POINT(-87.654491 41.891118)", 
                "POINT(-87.726737 41.911824)", 
                "POINT(-87.666343 41.822536)", 
                "POINT(-87.654224 41.867108)", 
                "POINT(-87.703047 41.77166)", 
                "POINT(-87.890615 41.974689)", 
                "POINT(-87.642984 41.803423)", 
                "POINT(-87.701431 41.906638)", 
                "POINT(-87.747113 41.991429)", 
                "POINT(-87.703736 41.704336)", 
                "POINT(-87.655232 41.896282)", 
                "POINT(-87.777921 42.008314)", 
                "POINT(-87.689778 41.986921)", 
                "POINT(-87.535198 41.680946)", 
                "POINT(-87.565666 41.704572)", 
                "POINT(-87.632085 41.921965)", 
                "POINT(-87.666014 41.720848)", 
                "POINT(-87.629798 41.878114)", 
                "POINT(-87.605294 41.750498)", 
                "POINT(-87.649642 41.732984)", 
                "POINT(-87.785288 41.923738)", 
                "POINT(-87.679447 41.801179)", 
                "POINT(-87.726549 41.82561)", 
                "POINT(-87.64997 41.723195)", 
                "POINT(-87.777189 41.960616)", 
                "POINT(-87.700117 41.932094)", 
                "POINT(-87.778927 41.776156)", 
                "POINT(-87.71188 41.800737)", 
                "POINT(-87.562889 41.766202)", 
                "POINT(-87.678649 41.768388)", 
                "POINT(-87.752411 41.778297)", 
                "POINT(-87.612922 41.754676)", 
                "POINT(-87.538693 41.659112)", 
                "POINT(-87.590773 41.754292)", 
                "POINT(-87.728492 41.984809)", 
                "POINT(-87.930995 41.957799)", 
                "POINT(-87.731435 41.743402)", 
                "POINT(-87.66214 42.010412)", 
                "POINT(-87.756155 41.904194)", 
                "POINT(-87.730698 41.948167)", 
                "POINT(-87.862995 41.992478)", 
                "POINT(-87.688267 41.903002)", 
                "POINT(-87.654234 41.793818)", 
                "POINT(-87.805059 41.973845)", 
                "POINT(-87.559308 41.678618)", 
                "POINT(-87.671457 41.947227)", 
                "POINT(-87.694991 41.857402)", 
                "POINT(-87.746381 41.925198)", 
                "POINT(-87.725057 41.951866)", 
                "POINT(-87.687769 42.01743)", 
                "POINT(-87.600963 41.728495)", 
                "POINT(-87.794896 41.94016)", 
                "POINT(-87.668055 41.912563)", 
                "POINT(-87.811506 42.011601)", 
                "POINT(-87.627096 41.776428)", 
                "POINT(-87.55551 41.733643)", 
                "POINT(-87.742302 41.763733)", 
                "POINT(-87.627796 41.821582)", 
                "POINT(-87.586427 41.778748)", 
                "POINT(-87.807277 42.009876)", 
                "POINT(-87.760886 41.907645)", 
                "POINT(-87.676709 41.688324)", 
                "POINT(-87.666066 41.98728)", 
                "POINT(-87.666455 41.9216)", 
                "POINT(-87.770899 41.994679)", 
                "POINT(-87.795585 41.999129)", 
                "POINT(-87.698457 41.94983)", 
                "POINT(-87.79518 41.921177)", 
                "POINT(-87.677512 41.731922)", 
                "POINT(-87.675919 42.006858)", 
                "POINT(-87.769279 41.994991)", 
                "POINT(-87.648064 41.721474)", 
                "POINT(-87.702575 41.958271)", 
                "POINT(-87.750938 41.979243)", 
                "POINT(-87.797127 41.990284)", 
                "POINT(-87.812827 41.981964)", 
                "POINT(-87.61156 41.891126)", 
                "POINT(-87.76007 41.961743)", 
                "POINT(-87.677737 41.836644)", 
                "POINT(-87.627561 41.869216)", 
                "POINT(-87.64886 41.862292)", 
                "POINT(-87.531635 41.686398)", 
                "POINT(-87.614258 41.725517)", 
                "POINT(-87.598865 41.692555)"
            ], 
            "with_others": true
        }
    }
}