[
    {
        "parameters": {
            "max_features": "auto", 
            "min_samples_split": 3, 
            "n_estimators": 100, 
            "max_depth": 6, 
            "min_samples_leaf": 1
        }, 
        "score_time": 596, 
        "test_score": 0.8754943132108486, 
        "fit_time": 3368, 
        "num_samples": 1243, 
        "best_iteration": null, 
        "train_score": 0.9588980365927712, 
        "parameter_id": 0, 
        "time": 3964, 
        "done_at": 1528113733030, 
        "grid_point_id": "{\"max_features\": \"auto\", \"min_samples_split\": 3, \"n_estimators\": 100, \"max_depth\": 6, \"min_samples_leaf\": 1}@0"
    }, 
    {
        "parameters": {
            "max_features": "auto", 
            "min_samples_split": 3, 
            "n_estimators": 100, 
            "max_depth": 16, 
            "min_samples_leaf": 1
        }, 
        "score_time": 592, 
        "test_score": 0.878005249343832, 
        "fit_time": 3611, 
        "num_samples": 1243, 
        "best_iteration": null, 
        "train_score": 0.9991925476770894, 
        "parameter_id": 1, 
        "time": 4203, 
        "done_at": 1528113733281, 
        "grid_point_id": "{\"max_features\": \"auto\", \"min_samples_split\": 3, \"n_estimators\": 100, \"max_depth\": 16, \"min_samples_leaf\": 1}@0"
    }, 
    {
        "parameters": {
            "max_features": "auto", 
            "min_samples_split": 3, 
            "n_estimators": 100, 
            "max_depth": 16, 
            "min_samples_leaf": 1
        }, 
        "score_time": 744, 
        "test_score": 0.87922942206655, 
        "fit_time": 3443, 
        "num_samples": 1242, 
        "best_iteration": null, 
        "train_score": 0.9989993732337838, 
        "parameter_id": 1, 
        "time": 4187, 
        "done_at": 1528113733279, 
        "grid_point_id": "{\"max_features\": \"auto\", \"min_samples_split\": 3, \"n_estimators\": 100, \"max_depth\": 16, \"min_samples_leaf\": 1}@1"
    }, 
    {
        "parameters": {
            "max_features": "auto", 
            "min_samples_split": 3, 
            "n_estimators": 100, 
            "max_depth": 6, 
            "min_samples_leaf": 1
        }, 
        "score_time": 708, 
        "test_score": 0.8773063383396134, 
        "fit_time": 3352, 
        "num_samples": 1241, 
        "best_iteration": null, 
        "train_score": 0.9560065645514224, 
        "parameter_id": 0, 
        "time": 4060, 
        "done_at": 1528113733132, 
        "grid_point_id": "{\"max_features\": \"auto\", \"min_samples_split\": 3, \"n_estimators\": 100, \"max_depth\": 6, \"min_samples_leaf\": 1}@2"
    }, 
    {
        "parameters": {
            "max_features": "auto", 
            "min_samples_split": 3, 
            "n_estimators": 100, 
            "max_depth": 16, 
            "min_samples_leaf": 1
        }, 
        "score_time": 721, 
        "test_score": 0.879336269879177, 
        "fit_time": 3455, 
        "num_samples": 1241, 
        "best_iteration": null, 
        "train_score": 0.9993544857768053, 
        "parameter_id": 1, 
        "time": 4176, 
        "done_at": 1528113733280, 
        "grid_point_id": "{\"max_features\": \"auto\", \"min_samples_split\": 3, \"n_estimators\": 100, \"max_depth\": 16, \"min_samples_leaf\": 1}@2"
    }, 
    {
        "parameters": {
            "max_features": "auto", 
            "min_samples_split": 3, 
            "n_estimators": 100, 
            "max_depth": 6, 
            "min_samples_leaf": 1
        }, 
        "score_time": 733, 
        "test_score": 0.8850131348511383, 
        "fit_time": 3433, 
        "num_samples": 1242, 
        "best_iteration": null, 
        "train_score": 0.9534378676753571, 
        "parameter_id": 0, 
        "time": 4166, 
        "done_at": 1528113733234, 
        "grid_point_id": "{\"max_features\": \"auto\", \"min_samples_split\": 3, \"n_estimators\": 100, \"max_depth\": 6, \"min_samples_leaf\": 1}@1"
    }
]