{
  "state": "DONE",
  "postSearchDescription": {
    "importantParams": [
      {
        "name": "trees",
        "val": "100"
      },
      {
        "name": "depth",
        "val": "6"
      },
      {
        "name": "min_samples",
        "val": "1"
      }
    ]
  },
  "sampleWeightsEnabled": false,
  "progress": {
    "top_level_todo": [],
    "stack": [],
    "top_level_done": [
      {
        "name": "Loading train set",
        "time": 45
      },
      {
        "name": "Loading test set",
        "time": 24
      },
      {
        "name": "Collecting preprocessing data",
        "time": 69
      },
      {
        "name": "Preprocessing train set",
        "time": 95
      },
      {
        "name": "Preprocessing test set",
        "time": 74
      },
      {
        "name": "Grid searching",
        "time": 5043
      },
      {
        "name": "Fitting model",
        "time": 456
      },
      {
        "name": "Saving model",
        "time": 35
      },
      {
        "name": "Scoring model",
        "time": 960
      }
    ]
  },
  "startTime": 1528113728729,
  "endTime": 1528113735532,
  "preprocessingTime": 0,
  "trainingTime": 6803
}