[
    {
        "parameters": {
            "max_features": "auto", 
            "min_samples_split": 3, 
            "n_estimators": 100, 
            "max_depth": 16, 
            "min_samples_leaf": 1
        }, 
        "score_time": 978, 
        "test_score": 0.879336269879177, 
        "fit_time": 2984, 
        "num_samples": 1241, 
        "best_iteration": null, 
        "train_score": 0.9993544857768053, 
        "parameter_id": 1, 
        "time": 3962, 
        "done_at": 1528273159957, 
        "grid_point_id": "{\"max_features\": \"auto\", \"min_samples_split\": 3, \"n_estimators\": 100, \"max_depth\": 16, \"min_samples_leaf\": 1}@2"
    }, 
    {
        "parameters": {
            "max_features": "auto", 
            "min_samples_split": 3, 
            "n_estimators": 100, 
            "max_depth": 16, 
            "min_samples_leaf": 1
        }, 
        "score_time": 582, 
        "test_score": 0.878005249343832, 
        "fit_time": 3911, 
        "num_samples": 1243, 
        "best_iteration": null, 
        "train_score": 0.9991925476770894, 
        "parameter_id": 1, 
        "time": 4493, 
        "done_at": 1528273160470, 
        "grid_point_id": "{\"max_features\": \"auto\", \"min_samples_split\": 3, \"n_estimators\": 100, \"max_depth\": 16, \"min_samples_leaf\": 1}@0"
    }, 
    {
        "parameters": {
            "max_features": "auto", 
            "min_samples_split": 3, 
            "n_estimators": 100, 
            "max_depth": 6, 
            "min_samples_leaf": 1
        }, 
        "score_time": 575, 
        "test_score": 0.8754943132108486, 
        "fit_time": 3713, 
        "num_samples": 1243, 
        "best_iteration": null, 
        "train_score": 0.9588980365927712, 
        "parameter_id": 0, 
        "time": 4288, 
        "done_at": 1528273160242, 
        "grid_point_id": "{\"max_features\": \"auto\", \"min_samples_split\": 3, \"n_estimators\": 100, \"max_depth\": 6, \"min_samples_leaf\": 1}@0"
    }, 
    {
        "parameters": {
            "max_features": "auto", 
            "min_samples_split": 3, 
            "n_estimators": 100, 
            "max_depth": 16, 
            "min_samples_leaf": 1
        }, 
        "score_time": 572, 
        "test_score": 0.87922942206655, 
        "fit_time": 3916, 
        "num_samples": 1242, 
        "best_iteration": null, 
        "train_score": 0.9989993732337838, 
        "parameter_id": 1, 
        "time": 4488, 
        "done_at": 1528273160477, 
        "grid_point_id": "{\"max_features\": \"auto\", \"min_samples_split\": 3, \"n_estimators\": 100, \"max_depth\": 16, \"min_samples_leaf\": 1}@1"
    }, 
    {
        "parameters": {
            "max_features": "auto", 
            "min_samples_split": 3, 
            "n_estimators": 100, 
            "max_depth": 6, 
            "min_samples_leaf": 1
        }, 
        "score_time": 490, 
        "test_score": 0.8773063383396134, 
        "fit_time": 3866, 
        "num_samples": 1241, 
        "best_iteration": null, 
        "train_score": 0.9560065645514224, 
        "parameter_id": 0, 
        "time": 4356, 
        "done_at": 1528273160314, 
        "grid_point_id": "{\"max_features\": \"auto\", \"min_samples_split\": 3, \"n_estimators\": 100, \"max_depth\": 6, \"min_samples_leaf\": 1}@2"
    }, 
    {
        "parameters": {
            "max_features": "auto", 
            "min_samples_split": 3, 
            "n_estimators": 100, 
            "max_depth": 6, 
            "min_samples_leaf": 1
        }, 
        "score_time": 497, 
        "test_score": 0.8850131348511383, 
        "fit_time": 3873, 
        "num_samples": 1242, 
        "best_iteration": null, 
        "train_score": 0.9534378676753571, 
        "parameter_id": 0, 
        "time": 4370, 
        "done_at": 1528273160327, 
        "grid_point_id": "{\"max_features\": \"auto\", \"min_samples_split\": 3, \"n_estimators\": 100, \"max_depth\": 6, \"min_samples_leaf\": 1}@1"
    }
]