{
  "state": "DONE",
  "postSearchDescription": {
    "importantParams": [
      {
        "name": "trees",
        "val": "100"
      },
      {
        "name": "depth",
        "val": "6"
      },
      {
        "name": "min_samples",
        "val": "1"
      }
    ]
  },
  "sampleWeightsEnabled": false,
  "progress": {
    "top_level_todo": [],
    "stack": [],
    "top_level_done": [
      {
        "name": "Loading train set",
        "time": 47
      },
      {
        "name": "Loading test set",
        "time": 33
      },
      {
        "name": "Collecting preprocessing data",
        "time": 54
      },
      {
        "name": "Preprocessing train set",
        "time": 89
      },
      {
        "name": "Preprocessing test set",
        "time": 70
      },
      {
        "name": "Grid searching",
        "time": 5053
      },
      {
        "name": "Fitting model",
        "time": 457
      },
      {
        "name": "Saving model",
        "time": 34
      },
      {
        "name": "Scoring model",
        "time": 955
      }
    ]
  },
  "startTime": 1528273155627,
  "endTime": 1528273162421,
  "preprocessingTime": 0,
  "trainingTime": 6794
}