[
    {
        "parameters": {
            "max_features": "auto", 
            "min_samples_split": 3, 
            "n_estimators": 100, 
            "max_depth": 16, 
            "min_samples_leaf": 1
        }, 
        "score_time": 701, 
        "test_score": 0.878005249343832, 
        "fit_time": 3484, 
        "num_samples": 1243, 
        "best_iteration": null, 
        "train_score": 0.9991925476770894, 
        "parameter_id": 1, 
        "time": 4185, 
        "done_at": 1528113657136, 
        "grid_point_id": "{\"max_features\": \"auto\", \"min_samples_split\": 3, \"n_estimators\": 100, \"max_depth\": 16, \"min_samples_leaf\": 1}@0"
    }, 
    {
        "parameters": {
            "max_features": "auto", 
            "min_samples_split": 3, 
            "n_estimators": 100, 
            "max_depth": 6, 
            "min_samples_leaf": 1
        }, 
        "score_time": 678, 
        "test_score": 0.8754943132108486, 
        "fit_time": 3430, 
        "num_samples": 1243, 
        "best_iteration": null, 
        "train_score": 0.9588980365927712, 
        "parameter_id": 0, 
        "time": 4108, 
        "done_at": 1528113657034, 
        "grid_point_id": "{\"max_features\": \"auto\", \"min_samples_split\": 3, \"n_estimators\": 100, \"max_depth\": 6, \"min_samples_leaf\": 1}@0"
    }, 
    {
        "parameters": {
            "max_features": "auto", 
            "min_samples_split": 3, 
            "n_estimators": 100, 
            "max_depth": 16, 
            "min_samples_leaf": 1
        }, 
        "score_time": 583, 
        "test_score": 0.87922942206655, 
        "fit_time": 3536, 
        "num_samples": 1242, 
        "best_iteration": null, 
        "train_score": 0.9989993732337838, 
        "parameter_id": 1, 
        "time": 4119, 
        "done_at": 1528113657075, 
        "grid_point_id": "{\"max_features\": \"auto\", \"min_samples_split\": 3, \"n_estimators\": 100, \"max_depth\": 16, \"min_samples_leaf\": 1}@1"
    }, 
    {
        "parameters": {
            "max_features": "auto", 
            "min_samples_split": 3, 
            "n_estimators": 100, 
            "max_depth": 6, 
            "min_samples_leaf": 1
        }, 
        "score_time": 691, 
        "test_score": 0.8773063383396134, 
        "fit_time": 3453, 
        "num_samples": 1241, 
        "best_iteration": null, 
        "train_score": 0.9560065645514224, 
        "parameter_id": 0, 
        "time": 4144, 
        "done_at": 1528113657077, 
        "grid_point_id": "{\"max_features\": \"auto\", \"min_samples_split\": 3, \"n_estimators\": 100, \"max_depth\": 6, \"min_samples_leaf\": 1}@2"
    }, 
    {
        "parameters": {
            "max_features": "auto", 
            "min_samples_split": 3, 
            "n_estimators": 100, 
            "max_depth": 16, 
            "min_samples_leaf": 1
        }, 
        "score_time": 689, 
        "test_score": 0.879336269879177, 
        "fit_time": 3395, 
        "num_samples": 1241, 
        "best_iteration": null, 
        "train_score": 0.9993544857768053, 
        "parameter_id": 1, 
        "time": 4084, 
        "done_at": 1528113657047, 
        "grid_point_id": "{\"max_features\": \"auto\", \"min_samples_split\": 3, \"n_estimators\": 100, \"max_depth\": 16, \"min_samples_leaf\": 1}@2"
    }, 
    {
        "parameters": {
            "max_features": "auto", 
            "min_samples_split": 3, 
            "n_estimators": 100, 
            "max_depth": 6, 
            "min_samples_leaf": 1
        }, 
        "score_time": 728, 
        "test_score": 0.8850131348511383, 
        "fit_time": 3350, 
        "num_samples": 1242, 
        "best_iteration": null, 
        "train_score": 0.9534378676753571, 
        "parameter_id": 0, 
        "time": 4078, 
        "done_at": 1528113657009, 
        "grid_point_id": "{\"max_features\": \"auto\", \"min_samples_split\": 3, \"n_estimators\": 100, \"max_depth\": 6, \"min_samples_leaf\": 1}@1"
    }
]