{
    "usedGridSearch": true, 
    "probaAware": true, 
    "gridSize": 2, 
    "rawImportance": {
        "variables": [
            "AddressAccuracy", 
            "Block", 
            "Date_parsed", 
            "Day_number", 
            "Latitude", 
            "Longitude", 
            "NumMosquitos_sum", 
            "count", 
            "daylight_time", 
            "weather_AvgSpeed", 
            "weather_Cool", 
            "weather_Depart", 
            "weather_DewPoint", 
            "weather_Heat", 
            "weather_PrecipTotal", 
            "weather_ResultDir", 
            "weather_ResultSpeed", 
            "weather_SeaLevel", 
            "weather_SnowFall", 
            "weather_StnPressure", 
            "weather_Sunset", 
            "weather_Tavg", 
            "weather_Tmax", 
            "weather_Tmin", 
            "weather_WetBulb", 
            "year", 
            "dummy:weather_Sunrise:0416", 
            "dummy:weather_Sunrise:0528", 
            "dummy:weather_Sunrise:0417", 
            "dummy:weather_Sunrise:0459", 
            "dummy:weather_Sunrise:0419", 
            "dummy:weather_Sunrise:0445", 
            "dummy:weather_Sunrise:0451", 
            "dummy:weather_Sunrise:0438", 
            "dummy:weather_Sunrise:0426", 
            "dummy:weather_Sunrise:0418", 
            "dummy:weather_Sunrise:0536", 
            "dummy:weather_Sunrise:0506", 
            "dummy:weather_Sunrise:0552", 
            "dummy:weather_Sunrise:0433", 
            "dummy:weather_Sunrise:0509", 
            "dummy:weather_Sunrise:0505", 
            "dummy:weather_Sunrise:0542", 
            "dummy:weather_Sunrise:0541", 
            "dummy:weather_Sunrise:0522", 
            "dummy:weather_Sunrise:0427", 
            "dummy:weather_Sunrise:0514", 
            "dummy:weather_Sunrise:0452", 
            "dummy:weather_Sunrise:0429", 
            "dummy:weather_Sunrise:0511", 
            "dummy:weather_Sunrise:0532", 
            "dummy:weather_Sunrise:0440", 
            "dummy:weather_Sunrise:0543", 
            "dummy:weather_Sunrise:0533", 
            "dummy:weather_Sunrise:0449", 
            "dummy:weather_Sunrise:0431", 
            "dummy:weather_Sunrise:0424", 
            "dummy:weather_Sunrise:0503", 
            "dummy:weather_Sunrise:0432", 
            "dummy:weather_Sunrise:0540", 
            "dummy:weather_Sunrise:0421", 
            "dummy:weather_Sunrise:0520", 
            "dummy:weather_Sunrise:0535", 
            "dummy:weather_Sunrise:0530", 
            "dummy:weather_Sunrise:0457", 
            "dummy:weather_Sunrise:0437", 
            "dummy:weather_Sunrise:0510", 
            "dummy:weather_Sunrise:0521", 
            "dummy:weather_Sunrise:0548", 
            "dummy:weather_Sunrise:0512", 
            "dummy:weather_Sunrise:0446", 
            "dummy:weather_Sunrise:0519", 
            "dummy:weather_Sunrise:0428", 
            "dummy:weather_Sunrise:0513", 
            "dummy:weather_Sunrise:0557", 
            "dummy:weather_Sunrise:0501", 
            "dummy:weather_CodeSum:RA BR", 
            "dummy:weather_CodeSum:RA", 
            "dummy:weather_CodeSum:HZ", 
            "dummy:weather_CodeSum:TSRA RA BR", 
            "dummy:weather_CodeSum:BR HZ", 
            "dummy:weather_CodeSum:BR", 
            "dummy:weather_CodeSum:TSRA RA", 
            "dummy:weather_CodeSum:RA BR HZ", 
            "dummy:weather_CodeSum:TS BR", 
            "dummy:weather_CodeSum:RA DZ BR", 
            "dummy:weather_CodeSum:TS TSRA RA FG BR HZ", 
            "dummy:weather_CodeSum:TSRA RA BR VCTS", 
            "dummy:weather_CodeSum:TS TSRA BR", 
            "dummy:weather_CodeSum:TSRA BR HZ VCTS", 
            "dummy:weather_CodeSum:TS TSRA RA", 
            "dummy:weather_CodeSum:RA HZ", 
            "dummy:weather_CodeSum:N/A", 
            "dummy:Date:2007-08-15", 
            "dummy:Date:2007-10-04", 
            "dummy:Date:2007-08-21", 
            "dummy:Date:2007-09-12", 
            "dummy:Date:2007-07-11", 
            "dummy:Date:2007-09-24", 
            "dummy:Date:2013-07-19", 
            "dummy:Date:2009-09-25", 
            "dummy:Date:2011-07-25", 
            "dummy:Date:2013-08-29", 
            "dummy:Date:2013-09-12", 
            "dummy:Date:2013-07-12", 
            "dummy:Date:2013-09-19", 
            "dummy:Date:2013-08-15", 
            "dummy:Date:2011-09-12", 
            "dummy:Date:2013-07-25", 
            "dummy:Date:2011-07-15", 
            "dummy:Date:2011-09-16", 
            "dummy:Date:2011-08-26", 
            "dummy:Date:2013-09-26", 
            "dummy:Date:2013-08-22", 
            "dummy:Date:2013-09-06", 
            "dummy:Date:2009-09-17", 
            "dummy:Date:2011-08-05", 
            "dummy:Date:2013-06-14", 
            "dummy:Date:2009-07-17", 
            "dummy:Date:2013-08-08", 
            "dummy:Date:2011-07-11", 
            "dummy:Date:2011-08-19", 
            "dummy:Date:2013-07-08", 
            "dummy:Date:2013-06-21", 
            "dummy:Date:2007-07-18", 
            "dummy:Date:2011-06-17", 
            "dummy:Date:2011-07-29", 
            "dummy:Date:2009-08-07", 
            "dummy:Date:2011-09-23", 
            "dummy:Date:2011-06-24", 
            "dummy:Date:2009-07-31", 
            "dummy:Date:2009-07-06", 
            "dummy:Date:2007-09-04", 
            "dummy:Date:2007-09-18", 
            "dummy:Date:2009-06-02", 
            "dummy:Date:2009-06-19", 
            "dummy:Date:2007-06-26", 
            "dummy:Date:2009-06-12", 
            "dummy:Date:2009-06-26", 
            "dummy:Date:2011-06-30", 
            "dummy:Date:2007-07-27", 
            "dummy:Date:2007-09-19", 
            "dummy:Date:2009-06-05", 
            "dummy:Date:2013-06-07", 
            "dummy:Date:2009-08-13", 
            "dummy:Date:2007-06-05", 
            "dummy:Date:2009-08-25", 
            "dummy:Date:2007-09-05", 
            "dummy:Date:2011-09-30", 
            "dummy:Date:2009-10-01", 
            "dummy:Date:2009-07-10", 
            "dummy:Date:2013-06-28", 
            "dummy:Date:2007-08-22", 
            "dummy:Date:2009-09-03", 
            "dummy:Date:2011-06-10", 
            "dummy:Date:2009-07-27", 
            "dummy:Date:2007-07-19", 
            "dummy:Date:2011-09-02", 
            "dummy:Date:2007-08-28", 
            "dummy:Date:2007-09-06", 
            "dummy:Date:2007-08-17", 
            "dummy:Date:2007-07-25", 
            "dummy:Date:2007-08-16", 
            "dummy:Trap:T003", 
            "dummy:Trap:T031", 
            "dummy:Trap:T135", 
            "dummy:Trap:T115", 
            "dummy:Trap:T047", 
            "dummy:Trap:T138", 
            "dummy:Trap:T151", 
            "dummy:Trap:T002", 
            "dummy:Trap:T220", 
            "dummy:Trap:T090", 
            "dummy:Trap:T152", 
            "dummy:Trap:T011", 
            "dummy:Trap:T158", 
            "dummy:Trap:T209", 
            "dummy:Trap:T030", 
            "dummy:Trap:T073", 
            "dummy:Trap:T074", 
            "dummy:Trap:T039", 
            "dummy:Trap:T046", 
            "dummy:Trap:T048", 
            "dummy:Trap:T114", 
            "dummy:Trap:T900", 
            "dummy:Trap:T082", 
            "dummy:Trap:T066", 
            "dummy:Trap:T012", 
            "dummy:Trap:T028", 
            "dummy:Trap:T128", 
            "dummy:Trap:T212", 
            "dummy:Trap:T008", 
            "dummy:Trap:T145", 
            "dummy:Trap:T102", 
            "dummy:Trap:T054", 
            "dummy:Trap:T094", 
            "dummy:Trap:T009", 
            "dummy:Trap:T159", 
            "dummy:Trap:T013", 
            "dummy:Trap:T155", 
            "dummy:Trap:T063", 
            "dummy:Trap:T062", 
            "dummy:Trap:T079", 
            "dummy:Trap:T069", 
            "dummy:Trap:T065", 
            "dummy:Trap:T221", 
            "dummy:Trap:T080", 
            "dummy:Trap:T083", 
            "dummy:Trap:T225", 
            "dummy:Trap:T903", 
            "dummy:Trap:T027", 
            "dummy:Trap:T018", 
            "dummy:Trap:T230", 
            "dummy:Trap:T218", 
            "dummy:Trap:T035", 
            "dummy:Trap:T160", 
            "dummy:Trap:T226", 
            "dummy:Trap:T223", 
            "dummy:Trap:T043", 
            "dummy:Trap:T224", 
            "dummy:Trap:T222", 
            "dummy:Trap:T228", 
            "dummy:Trap:T227", 
            "dummy:Trap:T144", 
            "dummy:Trap:T232", 
            "dummy:Trap:T016", 
            "dummy:Trap:T235", 
            "dummy:Trap:T077", 
            "dummy:Trap:T153", 
            "dummy:Trap:T233", 
            "dummy:Trap:T086", 
            "dummy:Trap:T019", 
            "dummy:Trap:T037", 
            "dummy:Trap:T143", 
            "dummy:Trap:T085", 
            "dummy:Trap:T150", 
            "dummy:Trap:T051", 
            "dummy:Trap:T084", 
            "dummy:Trap:T006", 
            "dummy:Trap:T141", 
            "dummy:Trap:__Others__", 
            "dummy:Street:S ASHLAND AVE", 
            "dummy:Street:N PULASKI RD", 
            "dummy:Street:W 51ST ST", 
            "dummy:Street:S STONY ISLAND AVE", 
            "dummy:Street:N OAK PARK AVE", 
            "dummy:Street:N MILWAUKEE AVE", 
            "dummy:Street:W 95TH ST", 
            "dummy:Street:S CENTRAL AVE", 
            "dummy:Street:W 127TH PL", 
            "dummy:Street:S DOTY AVE", 
            "dummy:Street:S CALIFORNIA", 
            "dummy:Street:S KEDZIE AVE", 
            "dummy:Street:N CAMPBELL AVE", 
            "dummy:Street:W ARMITAGE AVENUE", 
            "dummy:Street:N PITTSBURGH AVE", 
            "dummy:Street:S MILLARD AVE", 
            "dummy:Street:W 116TH ST", 
            "dummy:Street:N CANNON DR", 
            "dummy:Street:S BRANDON", 
            "dummy:Street:N CENTRAL PARK DR", 
            "dummy:Street:E 67TH ST", 
            "dummy:Street:S KOLMAR", 
            "dummy:Street:W ROOSEVELT", 
            "dummy:Street:W GRAND AVE", 
            "dummy:Street:N HUMBOLDT DR", 
            "dummy:Street:W OHARE AIRPORT", 
            "dummy:Street:S UNION AVE", 
            "dummy:Street:W 104TH ST", 
            "dummy:Street:N WESTERN AVE", 
            "dummy:Street:E 105TH ST", 
            "dummy:Street:N LEMONT AVE", 
            "dummy:Street:N MOSELL AVE", 
            "dummy:Street:W CHICAGO", 
            "dummy:Street:N ASHLAND AVE OVERPASS", 
            "dummy:Street:S COTTAGE GROVE", 
            "dummy:Street:S CARPENTER ST", 
            "dummy:Street:W FULLERTON AVE", 
            "dummy:Street:S PULASKI RD", 
            "dummy:Street:S VINCENNES", 
            "dummy:Street:N FRANCISCO AVE", 
            "dummy:Street:W MONTROSE DR", 
            "dummy:Street:W 64TH ST", 
            "dummy:Street:S SOUTH SHORE DR", 
            "dummy:Street:S CHICAGO AVE", 
            "dummy:Street:W 63RD ST", 
            "dummy:Street:S EBERHART AVE", 
            "dummy:Street:E 130TH ST", 
            "dummy:Street:W OHARE", 
            "dummy:Street:S KOSTNER AVE", 
            "dummy:Street:W GREENLEAF AVE", 
            "dummy:Street:N LARAMIE AVE", 
            "dummy:Street:N KEDVALE AVE", 
            "dummy:Street:W HIGGINS RD", 
            "dummy:Street:S ARTESIAN AVE", 
            "dummy:Street:W GARFIELD BLVD", 
            "dummy:Street:N MONT CLARE AVE", 
            "dummy:Street:S TORRENCE AVE", 
            "dummy:Street:W ADDISON ST", 
            "dummy:Street:N SPRINGFIELD AVE", 
            "dummy:Street:W MONTANA ST", 
            "dummy:Street:N OAKLEY AVE", 
            "dummy:Street:N RUTHERFORD AVE", 
            "dummy:Street:E 91ST PL", 
            "dummy:Street:W 65TH ST", 
            "dummy:Street:S MUSKEGON AVE", 
            "dummy:Street:W 72ND ST", 
            "dummy:Street:S HOYNE AVE", 
            "dummy:Street:N HARLEM AVE", 
            "dummy:Street:W 113TH ST", 
            "dummy:Street:W WEBSTER AVE", 
            "dummy:Street:N MCCLELLAN AVE", 
            "dummy:Street:W BELDEN AVE", 
            "dummy:Street:W 89TH ST", 
            "dummy:Street:W FARWELL AVE", 
            "dummy:Street:W BALMORAL AVE", 
            "dummy:Street:E 111TH ST", 
            "dummy:Street:W HIGGINS AVE", 
            "dummy:Street:N AVONDALE AVE", 
            "dummy:Street:S THROOP", 
            "dummy:Street:W AGATITE AVE", 
            "dummy:Street:S PEORIA ST", 
            "dummy:Street:W FOSTER AVE", 
            "dummy:Street:S MELVINA AVE", 
            "dummy:Street:__Others__", 
            "dummy:position:POINT(-87.757639 41.964242)", 
            "dummy:position:POINT(-87.763416 41.801498)", 
            "dummy:position:POINT(-87.724608 41.662014)", 
            "dummy:position:POINT(-87.599862 41.673408)", 
            "dummy:position:POINT(-87.696269 41.868142)", 
            "dummy:position:POINT(-87.800515 41.916265)", 
            "dummy:position:POINT(-87.585413 41.726465)", 
            "dummy:position:POINT(-87.69181 41.963976)", 
            "dummy:position:POINT(-87.800991 41.95469)", 
            "dummy:position:POINT(-87.716277 41.846075)", 
            "dummy:position:POINT(-87.832763 41.944869)", 
            "dummy:position:POINT(-87.707973 41.682587)", 
            "dummy:position:POINT(-87.716788 41.89923)", 
            "dummy:position:POINT(-87.546587 41.740641)", 
            "dummy:position:POINT(-87.736812 41.798697)", 
            "dummy:position:POINT(-87.60088 41.773215)", 
            "dummy:position:POINT(-87.654491 41.891118)", 
            "dummy:position:POINT(-87.726737 41.911824)", 
            "dummy:position:POINT(-87.666343 41.822536)", 
            "dummy:position:POINT(-87.654224 41.867108)", 
            "dummy:position:POINT(-87.703047 41.77166)", 
            "dummy:position:POINT(-87.890615 41.974689)", 
            "dummy:position:POINT(-87.642984 41.803423)", 
            "dummy:position:POINT(-87.747113 41.991429)", 
            "dummy:position:POINT(-87.703736 41.704336)", 
            "dummy:position:POINT(-87.655232 41.896282)", 
            "dummy:position:POINT(-87.777921 42.008314)", 
            "dummy:position:POINT(-87.689778 41.986921)", 
            "dummy:position:POINT(-87.535198 41.680946)", 
            "dummy:position:POINT(-87.565666 41.704572)", 
            "dummy:position:POINT(-87.632085 41.921965)", 
            "dummy:position:POINT(-87.666014 41.720848)", 
            "dummy:position:POINT(-87.629798 41.878114)", 
            "dummy:position:POINT(-87.605294 41.750498)", 
            "dummy:position:POINT(-87.649642 41.732984)", 
            "dummy:position:POINT(-87.785288 41.923738)", 
            "dummy:position:POINT(-87.726549 41.82561)", 
            "dummy:position:POINT(-87.64997 41.723195)", 
            "dummy:position:POINT(-87.777189 41.960616)", 
            "dummy:position:POINT(-87.700117 41.932094)", 
            "dummy:position:POINT(-87.778927 41.776156)", 
            "dummy:position:POINT(-87.71188 41.800737)", 
            "dummy:position:POINT(-87.562889 41.766202)", 
            "dummy:position:POINT(-87.678649 41.768388)", 
            "dummy:position:POINT(-87.752411 41.778297)", 
            "dummy:position:POINT(-87.612922 41.754676)", 
            "dummy:position:POINT(-87.538693 41.659112)", 
            "dummy:position:POINT(-87.590773 41.754292)", 
            "dummy:position:POINT(-87.728492 41.984809)", 
            "dummy:position:POINT(-87.930995 41.957799)", 
            "dummy:position:POINT(-87.731435 41.743402)", 
            "dummy:position:POINT(-87.66214 42.010412)", 
            "dummy:position:POINT(-87.756155 41.904194)", 
            "dummy:position:POINT(-87.730698 41.948167)", 
            "dummy:position:POINT(-87.862995 41.992478)", 
            "dummy:position:POINT(-87.654234 41.793818)", 
            "dummy:position:POINT(-87.805059 41.973845)", 
            "dummy:position:POINT(-87.559308 41.678618)", 
            "dummy:position:POINT(-87.671457 41.947227)", 
            "dummy:position:POINT(-87.694991 41.857402)", 
            "dummy:position:POINT(-87.746381 41.925198)", 
            "dummy:position:POINT(-87.725057 41.951866)", 
            "dummy:position:POINT(-87.811506 42.011601)", 
            "dummy:position:POINT(-87.55551 41.733643)", 
            "dummy:position:POINT(-87.742302 41.763733)", 
            "dummy:position:POINT(-87.586427 41.778748)", 
            "dummy:position:POINT(-87.807277 42.009876)", 
            "dummy:position:POINT(-87.760886 41.907645)", 
            "dummy:position:POINT(-87.676709 41.688324)", 
            "dummy:position:POINT(-87.666066 41.98728)", 
            "dummy:position:POINT(-87.770899 41.994679)", 
            "dummy:position:POINT(-87.698457 41.94983)", 
            "dummy:position:POINT(-87.677512 41.731922)", 
            "dummy:position:POINT(-87.769279 41.994991)", 
            "dummy:position:POINT(-87.648064 41.721474)", 
            "dummy:position:POINT(-87.76007 41.961743)", 
            "dummy:position:POINT(-87.677737 41.836644)", 
            "dummy:position:POINT(-87.627561 41.869216)", 
            "dummy:position:POINT(-87.531635 41.686398)", 
            "dummy:position:POINT(-87.614258 41.725517)", 
            "dummy:position:__Others__"
        ], 
        "importances": [
            0.001604788727675413, 
            0.0062256874245252124, 
            0.031337958890345283, 
            0.08134853426230311, 
            0.010115033915138277, 
            0.014864036407624823, 
            0.13486429925442123, 
            0.045499486073630281, 
            0.10922508839709173, 
            0.014265725696335007, 
            0.030908838173149454, 
            0.019959570799338335, 
            0.020362293819697726, 
            0.014126920303626554, 
            0.0080483280574303925, 
            0.010601327820508009, 
            0.026308313610164596, 
            0.013414792910443077, 
            0.0015896014023606972, 
            0.012380476948766109, 
            0.065535855700556242, 
            0.029119276010679908, 
            0.017537543486892477, 
            0.017601979406765132, 
            0.041915534829008311, 
            0.010367922909421482, 
            0.0090966671660592802, 
            0.00093099936435052507, 
            0.0027841353541899717, 
            0.0051164979665192624, 
            0.0017357302794938673, 
            0.00017314402445920424, 
            0.00012078240100876424, 
            0.00069234969369827318, 
            0.0029432036451767511, 
            0.0034697851377628835, 
            1.1842579617150907e-05, 
            0.006524250933923008, 
            0.00018191047419406547, 
            0.00038364695002015295, 
            0.00043567112497454547, 
            0.0050797350481681146, 
            0.00024353842546483273, 
            0.0010292523464252136, 
            0.0045906930590595869, 
            0.0011412714925093115, 
            0.0009668398836671974, 
            0.0042822512432411121, 
            0.0021952724676724007, 
            9.5092225746401488e-05, 
            0.00015404790966847123, 
            0.00045491922924889127, 
            0.00033402505860750416, 
            0.00069632220628024861, 
            0.0012118081719304154, 
            0.00023455822527478681, 
            0.00059206324265186755, 
            0.00056561404194940856, 
            0.0004685806964515058, 
            0.00025746820313268386, 
            4.5179956925945373e-08, 
            0.00033976668494909248, 
            0.0008356762538499384, 
            9.0023183440374465e-05, 
            2.8414897128212534e-05, 
            0.00017997158787580648, 
            0.00011119335610018121, 
            0.00031244555635113943, 
            7.8101146786630678e-05, 
            0.00025048748640824547, 
            0.00016439812722727248, 
            1.1955427471907495e-06, 
            1.1392030034046543e-05, 
            0.00034784413681412821, 
            3.5199165942500562e-06, 
            0.00046092398200990272, 
            0.0038892486556917506, 
            0.0028273071741732685, 
            0.00050053492821734323, 
            4.68229646862419e-05, 
            0.0058354717491000208, 
            0.00023691153869512184, 
            0.00038318549117256266, 
            0.00096305663662418989, 
            0.00038395556484955705, 
            0.00016077015360074532, 
            0.00011904556950640357, 
            0.00041391349160502385, 
            8.5276082406630308e-06, 
            0.00039922903576821074, 
            0.0026423289888823347, 
            3.0671331638405565e-05, 
            0.0044958971452200361, 
            0.0015043016371782826, 
            0.00087414995803619189, 
            0.0035021819756302537, 
            0.00027384676350991036, 
            0.00077900319022883996, 
            0.00094455519983609778, 
            0.0029829749376454519, 
            0.0013026139431711818, 
            0.00073611636251666728, 
            0.00056283881351953415, 
            0.0020244679581711811, 
            0.001231388479718581, 
            0.00012267587000673114, 
            0.00086367834389519931, 
            0.00061004549652256864, 
            0.00070267250219934905, 
            0.00094261455338402733, 
            5.1595711358629726e-05, 
            0.00036862872638473857, 
            0.00056358570967309017, 
            0.0041694928028883638, 
            0.0049824658967824488, 
            0.00048977429210494657, 
            0.0005506339975446862, 
            0.00041205596043351097, 
            0.0001556814280137332, 
            0.0037364935106427798, 
            0.00098142130919524114, 
            0.000197444824315842, 
            0.0016450642557198176, 
            4.752230054878336e-05, 
            0.00035586054114948031, 
            0.00020340226381242545, 
            5.0840375322974971e-05, 
            0.00053922203287066507, 
            0.00051754286430538395, 
            0.00011270860686974783, 
            0.00012775234499645558, 
            0.00013307965267807026, 
            0.00022926630133308004, 
            0.00040473693162089327, 
            8.962413853435999e-05, 
            0.0003883779445063699, 
            0.00022024537288877115, 
            4.8158191822401281e-05, 
            0.0003514707955122393, 
            0.00025494005935990029, 
            0.00048966197436046185, 
            9.7922057543888534e-05, 
            0.00026480550856878448, 
            0.00013482437330033031, 
            0.00030545443202348733, 
            2.1901984321277087e-05, 
            0.00033764347524729989, 
            0.0006475379147080644, 
            0.00040036988472575709, 
            6.3867690042457246e-05, 
            0.00084440407804957731, 
            0.00041409172899598478, 
            0.0022610546466200385, 
            4.0924947207755925e-05, 
            6.4271145211599091e-06, 
            0.00028740410421668612, 
            1.2366085612494416e-05, 
            0.00034307292829556003, 
            0.00074670916979158262, 
            0.0001338722291554631, 
            0.0016073337222992246, 
            0.00014529723535151637, 
            7.9392255484690859e-05, 
            0.0005994855813245694, 
            8.9617161997538111e-05, 
            6.6302994465593129e-05, 
            8.2031580269110473e-05, 
            3.0839971377281272e-05, 
            0.00037937478834841333, 
            0.00037840504322291061, 
            0.00056439855236457977, 
            0.00029179113169889323, 
            4.6773857125637787e-05, 
            0.00022104919250256805, 
            0.00068128725222943724, 
            3.7591616029716035e-05, 
            9.3028107268652461e-05, 
            9.9745339623574429e-06, 
            0.0017664899907322499, 
            0.00016209239128759203, 
            7.1313186420796212e-05, 
            0.00040289486696556883, 
            3.9125413300461227e-05, 
            0.0014187847249279204, 
            0.0025744654332248351, 
            7.2010814330673853e-05, 
            5.7837973788545245e-05, 
            0.00010596905446922134, 
            6.1802265234329944e-05, 
            0.00023812379516152611, 
            9.3339045167531291e-05, 
            6.1807485297090396e-05, 
            7.2864024815686085e-05, 
            0.00045676491037771681, 
            0.00059175354640549039, 
            0.0012592826241572151, 
            5.8270898271292509e-05, 
            0.00038882849703256617, 
            0.0016682498256561991, 
            0.00052294382981067004, 
            0.00011233276726147367, 
            0.00037801030288391247, 
            2.9910101429830626e-05, 
            3.5920217743040756e-05, 
            4.1326000985300583e-05, 
            2.4340044476547869e-05, 
            0.00012951845219202817, 
            0.00031762783665766471, 
            0.00077040465064264591, 
            0.00033301652061088296, 
            0.00011557290913376947, 
            3.1970073002657292e-05, 
            6.6006091159482094e-05, 
            0.00023521672579020846, 
            0.00079432134542291007, 
            0.00061160979026910899, 
            0.00020908897313341501, 
            0.001115717672596521, 
            4.641015020170557e-05, 
            0.00015085447296429367, 
            9.420475765745775e-05, 
            0.00054496062557991148, 
            6.1696697605134033e-05, 
            9.891228569250682e-05, 
            0.00015307430661351735, 
            7.3899366234139363e-06, 
            7.8304235543895303e-06, 
            3.370489643518881e-05, 
            6.2062314063066911e-05, 
            4.427616047724716e-05, 
            6.725770852638048e-05, 
            4.5282036869803412e-05, 
            5.1189694930628105e-05, 
            0.00019958120358409747, 
            0.00021555245104191956, 
            3.1876003995273172e-05, 
            5.8687330171850132e-06, 
            7.9528928161466672e-05, 
            6.048500176775299e-06, 
            2.0183015982490304e-05, 
            0.0010885502300092712, 
            7.1443916140342015e-05, 
            0.00018713387689530076, 
            0.00023056863544675886, 
            0.00021006670102885239, 
            0.0012767615112242376, 
            0.00062315412207879272, 
            0.00058366548948277194, 
            0.00058904330726701178, 
            0.00016636805451551546, 
            0.0010280049258114044, 
            8.0809451671364079e-05, 
            0.00022519140633533294, 
            9.1685230908286507e-06, 
            0.0009460570606130707, 
            0.0010242459259165876, 
            0.00023275134242064404, 
            0.00066708658384538881, 
            0.00055933502668524299, 
            0.00013883203401982022, 
            0.00010933622957809395, 
            0.00023128095995264328, 
            0.00080267239757313103, 
            0.00028521792556269391, 
            0.00014842075373598134, 
            1.9852471173202795e-05, 
            0.0028149094990301514, 
            5.2262821376857089e-06, 
            0.00018259691439008292, 
            2.6706437612836164e-06, 
            8.9388277473982788e-05, 
            4.7193142244627142e-05, 
            0.00041389221271512775, 
            1.2982793872171203e-05, 
            0.00019453420143207518, 
            0.00050210780876495411, 
            0.00014735819103765241, 
            0.00094455724500562587, 
            1.9596895987526133e-05, 
            2.2904066197833212e-05, 
            0.00020507707018061017, 
            0.00011970192622403863, 
            0.00038430288458361371, 
            0.00029454693207180317, 
            0.00070776336974453591, 
            5.0170708383264044e-05, 
            1.8140089023115711e-07, 
            3.0738253183599726e-05, 
            0.00052333931432679652, 
            0.00058453683946008139, 
            0.0002530809399104382, 
            0.00043551979918770596, 
            0.00060556778946269725, 
            0.00010949365901987488, 
            0.0004801474468760366, 
            0.00038537969593122648, 
            0.00097628973505292465, 
            7.3337821476896631e-05, 
            0.00022283921131857059, 
            0.00066639127513874285, 
            7.1809966789028042e-05, 
            2.3213529402422744e-05, 
            1.1728201941794516e-05, 
            0.0003459999119066602, 
            6.9517331778002809e-05, 
            0.00038508749222549202, 
            0.00024042348150637847, 
            0.00014493690382344588, 
            4.7097567949314199e-05, 
            0.00026516681639342286, 
            4.9976404136205936e-05, 
            0.00012512146764193961, 
            1.1172017225436627e-05, 
            0.00038063326199754504, 
            3.6131043447539867e-05, 
            3.199082469933337e-05, 
            7.6325670825582066e-05, 
            8.2669801491910713e-05, 
            0.00011177672401268827, 
            3.7163089699425408e-05, 
            3.1167317013835797e-05, 
            7.5652583750675036e-05, 
            0.00020486248723373905, 
            2.3651085707517775e-05, 
            0.00071382808402795789, 
            0.0006564868874505568, 
            0.00015635261276859358, 
            8.5351438113069901e-05, 
            0.00050092813955911458, 
            0.00019257465247119913, 
            0.0005056310127641993, 
            0.00011090568737220188, 
            5.2936257860740209e-05, 
            0.0017338996011999656, 
            0.00063905601989075055, 
            0.00013339070932500194, 
            0.00039496664041982726, 
            8.2378531121390862e-05, 
            0.00013557984713283001, 
            0.0010739890485035914, 
            0.00038820172274338176, 
            0.0003929737857418864, 
            5.0694128506598198e-05, 
            1.5167594417536892e-05, 
            0.00061831625651703878, 
            6.9302792348762931e-05, 
            0.0029817354700189098, 
            6.1133336137022146e-05, 
            0.00012349870835955525, 
            8.0138749954740681e-05, 
            0.00014733051408754124, 
            0.00043268978876052889, 
            2.1381673352236478e-05, 
            1.8224570202904936e-06, 
            0.0001088311478714089, 
            0.00025795475187145498, 
            0.00013565357128047061, 
            8.664402373476952e-06, 
            0.00026055405231274395, 
            0.00011254774848603269, 
            0.00040996003349724958, 
            3.1758933823123703e-05, 
            0.00012716639304162833, 
            4.6634442595960723e-05, 
            2.3048328437674593e-05, 
            0.00041521308128232998, 
            0.0002612898059591777, 
            6.1656633008301708e-05, 
            8.9470297654260799e-05, 
            0.00019604211276911032, 
            9.7857317274273516e-06, 
            0.00061600608388346864, 
            0.00030942278650440886, 
            0.00010294206267712097, 
            0.0011135307692357141, 
            0.00075758087346053772, 
            0.00028155699530675116, 
            0.00033714636251273432, 
            0.00067119762173653281, 
            0.00024081730447735668, 
            0.00018378979997108608, 
            0.00074219191761223057, 
            5.0048594505521412e-06, 
            8.8303248821685991e-05, 
            0.00022135350105888913, 
            5.2489807954657041e-05, 
            0.00034161236538070153, 
            7.2078809809832239e-05, 
            9.6878036195986451e-05, 
            0.00060438589080835951, 
            0.00012217211399284279, 
            1.5561693248683986e-05, 
            5.3898519859416296e-05, 
            1.2588864708351118e-05, 
            2.4735236549561649e-05, 
            4.5387849557674756e-05, 
            2.6271907863875971e-05, 
            6.8407438529808248e-05, 
            2.7645763924995738e-06, 
            0.0001080098133107877, 
            1.521951817901188e-05, 
            1.5499643759518981e-05, 
            2.1578804954025347e-05, 
            1.1275123330789188e-05, 
            0.00021036548568595777, 
            0.00037484359071889934
        ]
    }, 
    "modelInputNRows": 3726, 
    "modelInputNCols": 516, 
    "modelInputMemory": 15380928, 
    "gridCells": [
        {
            "scoreTimeStd": 0.021181753153756321, 
            "scoreTime": 0.69899999999999995, 
            "fitTime": 3.411, 
            "score": 0.87927077581472324, 
            "params": {
                "max_features": "auto", 
                "min_samples_split": 3, 
                "n_estimators": 100, 
                "max_depth": 6, 
                "min_samples_leaf": 1
            }, 
            "fitTimeStd": 0.044143704722946181, 
            "scoreStd": 0.0041272972360454803
        }, 
        {
            "scoreTimeStd": 0.05302410353372846, 
            "scoreTime": 0.65766666666666662, 
            "fitTime": 3.4716666666666662, 
            "score": 0.87885662320480329, 
            "params": {
                "max_features": "auto", 
                "min_samples_split": 3, 
                "n_estimators": 100, 
                "max_depth": 16, 
                "min_samples_leaf": 1
            }, 
            "fitTimeStd": 0.058219889690341697, 
            "scoreStd": 0.00060395246653215139
        }
    ], 
    "gridBestScore": 0.87927077581472324, 
    "modelInputIsSparse": false
}