{
  "state": "DONE",
  "postSearchDescription": {
    "importantParams": [
      {
        "name": "trees",
        "val": "100"
      },
      {
        "name": "depth",
        "val": "6"
      },
      {
        "name": "min_samples",
        "val": "1"
      }
    ]
  },
  "sampleWeightsEnabled": false,
  "progress": {
    "top_level_todo": [],
    "stack": [],
    "top_level_done": [
      {
        "name": "Loading train set",
        "time": 45
      },
      {
        "name": "Loading test set",
        "time": 23
      },
      {
        "name": "Collecting preprocessing data",
        "time": 67
      },
      {
        "name": "Preprocessing train set",
        "time": 90
      },
      {
        "name": "Preprocessing test set",
        "time": 71
      },
      {
        "name": "Grid searching",
        "time": 5054
      },
      {
        "name": "Fitting model",
        "time": 452
      },
      {
        "name": "Saving model",
        "time": 35
      },
      {
        "name": "Scoring model",
        "time": 974
      }
    ]
  },
  "startTime": 1528113652600,
  "endTime": 1528113659414,
  "preprocessingTime": 0,
  "trainingTime": 6814
}