{
  "type": "shaker",
  "neverRecomputeExistingPartitions": false,
  "optionalDependencies": false,
  "params": {
    "engineParams": {
      "spark": {
        "pipelineAllowStart": true,
        "pipelineAllowMerge": true,
        "sparkConfig": {
          "inheritConf": "default",
          "conf": []
        },
        "readParams": {
          "map": {
            "westnile_data_joined_by_Trap": {
              "repartition": 10,
              "cache": false
            }
          }
        },
        "useGlobalMetastore": false
      },
      "hadoopConfigKeys": [],
      "maxThreads": 8
    }
  },
  "customMeta": {
    "kv": {}
  },
  "redispatchPartitioning": false,
  "maxRunningActivities": 0,
  "inputs": {
    "main": {
      "items": [
        {
          "ref": "westnile_data_joined_by_Trap",
          "deps": []
        }
      ]
    }
  },
  "outputs": {
    "main": {
      "items": [
        {
          "ref": "westnile_data_final",
          "appendMode": false
        }
      ]
    }
  },
  "versionTag": {
    "versionNumber": 3,
    "lastModifiedBy": {
      "login": "user0"
    },
    "lastModifiedOn": 1528062895508
  },
  "creationTag": {
    "versionNumber": 0,
    "lastModifiedBy": {
      "login": "user0"
    },
    "lastModifiedOn": 1528061959788
  },
  "tags": [],
  "checklists": {
    "checklists": []
  }
}