{
  "type": "vstack",
  "neverRecomputeExistingPartitions": false,
  "optionalDependencies": false,
  "customMeta": {
    "kv": {}
  },
  "redispatchPartitioning": false,
  "maxRunningActivities": 0,
  "inputs": {
    "main": {
      "items": [
        {
          "ref": "westnile_data_after_2010",
          "deps": []
        },
        {
          "ref": "westnile_until_2009",
          "deps": []
        }
      ]
    }
  },
  "outputs": {
    "main": {
      "items": [
        {
          "ref": "westnile_data",
          "appendMode": false
        }
      ]
    }
  },
  "versionTag": {
    "versionNumber": 1,
    "lastModifiedBy": {
      "login": "user0"
    },
    "lastModifiedOn": 1528060195048
  },
  "creationTag": {
    "versionNumber": 0,
    "lastModifiedBy": {
      "login": "user0"
    },
    "lastModifiedOn": 1528060181239
  },
  "tags": [],
  "checklists": {
    "checklists": []
  }
}