{
  "type": "join",
  "neverRecomputeExistingPartitions": false,
  "optionalDependencies": false,
  "customMeta": {
    "kv": {}
  },
  "redispatchPartitioning": false,
  "maxRunningActivities": 0,
  "inputs": {
    "main": {
      "items": [
        {
          "ref": "westnile_data_prepared",
          "deps": []
        },
        {
          "ref": "weather_filtered",
          "deps": []
        }
      ]
    }
  },
  "outputs": {
    "main": {
      "items": [
        {
          "ref": "westnile_data_joined",
          "appendMode": false
        }
      ]
    }
  },
  "versionTag": {
    "versionNumber": 4,
    "lastModifiedBy": {
      "login": "user0"
    },
    "lastModifiedOn": 1528061597164
  },
  "creationTag": {
    "versionNumber": 0,
    "lastModifiedBy": {
      "login": "user0"
    },
    "lastModifiedOn": 1528061290281
  },
  "tags": [],
  "checklists": {
    "checklists": []
  }
}