{
  "type": "prediction_scoring",
  "neverRecomputeExistingPartitions": false,
  "optionalDependencies": false,
  "customMeta": {
    "kv": {}
  },
  "redispatchPartitioning": false,
  "maxRunningActivities": 0,
  "inputs": {
    "model": {
      "items": [
        {
          "ref": "gSOkSUhk",
          "deps": []
        }
      ]
    },
    "main": {
      "items": [
        {
          "ref": "unseen",
          "deps": []
        }
      ]
    }
  },
  "outputs": {
    "main": {
      "items": [
        {
          "ref": "unseen_scored",
          "appendMode": false
        }
      ]
    }
  },
  "versionTag": {
    "versionNumber": 1,
    "lastModifiedBy": {
      "login": "user0"
    },
    "lastModifiedOn": 1528204561827
  },
  "creationTag": {
    "versionNumber": 0,
    "lastModifiedBy": {
      "login": "user0"
    },
    "lastModifiedOn": 1528204559877
  },
  "tags": [],
  "checklists": {
    "checklists": []
  }
}