{
  "type": "split",
  "neverRecomputeExistingPartitions": false,
  "optionalDependencies": false,
  "customMeta": {
    "kv": {}
  },
  "redispatchPartitioning": false,
  "maxRunningActivities": 0,
  "inputs": {
    "main": {
      "items": [
        {
          "ref": "westnile_data_final",
          "deps": []
        }
      ]
    }
  },
  "outputs": {
    "main": {
      "items": [
        {
          "ref": "unseen",
          "appendMode": false
        },
        {
          "ref": "past",
          "appendMode": false
        }
      ]
    }
  },
  "versionTag": {
    "versionNumber": 1,
    "lastModifiedBy": {
      "login": "user0"
    },
    "lastModifiedOn": 1528064739756
  },
  "creationTag": {
    "versionNumber": 0,
    "lastModifiedBy": {
      "login": "user0"
    },
    "lastModifiedOn": 1528064492096
  },
  "tags": [],
  "checklists": {
    "checklists": []
  }
}