[
    {
        "parameters": {
            "max_features": "auto", 
            "min_samples_split": 3, 
            "n_estimators": 100, 
            "max_depth": 16, 
            "min_samples_leaf": 1
        }, 
        "score_time": 578, 
        "test_score": 0.8490376202974628, 
        "fit_time": 3495, 
        "num_samples": 1243, 
        "best_iteration": null, 
        "train_score": 0.9967272879282578, 
        "parameter_id": 1, 
        "time": 4073, 
        "done_at": 1528278411875, 
        "grid_point_id": "{\"max_features\": \"auto\", \"min_samples_split\": 3, \"n_estimators\": 100, \"max_depth\": 16, \"min_samples_leaf\": 1}@0"
    }, 
    {
        "parameters": {
            "max_features": "auto", 
            "min_samples_split": 3, 
            "n_estimators": 100, 
            "max_depth": 6, 
            "min_samples_leaf": 1
        }, 
        "score_time": 729, 
        "test_score": 0.8906780402449694, 
        "fit_time": 3423, 
        "num_samples": 1243, 
        "best_iteration": null, 
        "train_score": 0.944357294352674, 
        "parameter_id": 0, 
        "time": 4152, 
        "done_at": 1528278411900, 
        "grid_point_id": "{\"max_features\": \"auto\", \"min_samples_split\": 3, \"n_estimators\": 100, \"max_depth\": 6, \"min_samples_leaf\": 1}@0"
    }, 
    {
        "parameters": {
            "max_features": "auto", 
            "min_samples_split": 3, 
            "n_estimators": 100, 
            "max_depth": 16, 
            "min_samples_leaf": 1
        }, 
        "score_time": 613, 
        "test_score": 0.8622110332749561, 
        "fit_time": 3623, 
        "num_samples": 1242, 
        "best_iteration": null, 
        "train_score": 0.9961569334638181, 
        "parameter_id": 1, 
        "time": 4236, 
        "done_at": 1528278412059, 
        "grid_point_id": "{\"max_features\": \"auto\", \"min_samples_split\": 3, \"n_estimators\": 100, \"max_depth\": 16, \"min_samples_leaf\": 1}@1"
    }, 
    {
        "parameters": {
            "max_features": "auto", 
            "min_samples_split": 3, 
            "n_estimators": 100, 
            "max_depth": 6, 
            "min_samples_leaf": 1
        }, 
        "score_time": 590, 
        "test_score": 0.8958145376709299, 
        "fit_time": 3525, 
        "num_samples": 1241, 
        "best_iteration": null, 
        "train_score": 0.9381411378555798, 
        "parameter_id": 0, 
        "time": 4115, 
        "done_at": 1528278411880, 
        "grid_point_id": "{\"max_features\": \"auto\", \"min_samples_split\": 3, \"n_estimators\": 100, \"max_depth\": 6, \"min_samples_leaf\": 1}@2"
    }, 
    {
        "parameters": {
            "max_features": "auto", 
            "min_samples_split": 3, 
            "n_estimators": 100, 
            "max_depth": 16, 
            "min_samples_leaf": 1
        }, 
        "score_time": 609, 
        "test_score": 0.8819543950892461, 
        "fit_time": 3593, 
        "num_samples": 1241, 
        "best_iteration": null, 
        "train_score": 0.9961892778993435, 
        "parameter_id": 1, 
        "time": 4202, 
        "done_at": 1528278412055, 
        "grid_point_id": "{\"max_features\": \"auto\", \"min_samples_split\": 3, \"n_estimators\": 100, \"max_depth\": 16, \"min_samples_leaf\": 1}@2"
    }, 
    {
        "parameters": {
            "max_features": "auto", 
            "min_samples_split": 3, 
            "n_estimators": 100, 
            "max_depth": 6, 
            "min_samples_leaf": 1
        }, 
        "score_time": 617, 
        "test_score": 0.9020183887915938, 
        "fit_time": 3608, 
        "num_samples": 1242, 
        "best_iteration": null, 
        "train_score": 0.942724563737726, 
        "parameter_id": 0, 
        "time": 4225, 
        "done_at": 1528278411976, 
        "grid_point_id": "{\"max_features\": \"auto\", \"min_samples_split\": 3, \"n_estimators\": 100, \"max_depth\": 6, \"min_samples_leaf\": 1}@1"
    }
]