{
    "gridSize": 2, 
    "nThreads": 8, 
    "metric": "ROC_AUC", 
    "gridPoints": [
        {
            "index": 0, 
            "finishedAt": 1528278411976.0, 
            "score": 0.89616894368042954, 
            "parameters": {
                "max_features": "auto", 
                "min_samples_split": 3, 
                "n_estimators": 100, 
                "max_depth": 6, 
                "min_samples_leaf": 1
            }, 
            "time": 12492.0
        }, 
        {
            "index": 1, 
            "finishedAt": 1528278412059.0, 
            "score": 0.86439748068298727, 
            "parameters": {
                "max_features": "auto", 
                "min_samples_split": 3, 
                "n_estimators": 100, 
                "max_depth": 16, 
                "min_samples_leaf": 1
            }, 
            "time": 12511.0
        }
    ], 
    "startedAt": 1528278407739, 
    "nSplits": 3
}