{
    "usedGridSearch": true, 
    "probaAware": true, 
    "gridSize": 2, 
    "rawImportance": {
        "variables": [
            "NumMosquitos_sum", 
            "count", 
            "daylight_time"
        ], 
        "importances": [
            0.44858696878242604, 
            0.13633707051794189, 
            0.41507596069963171
        ]
    }, 
    "modelInputNRows": 3726, 
    "modelInputNCols": 3, 
    "modelInputMemory": 89424, 
    "gridCells": [
        {
            "scoreTimeStd": 0.060179361541607905, 
            "scoreTime": 0.64533333333333331, 
            "fitTime": 3.5186666666666668, 
            "score": 0.89616894368042954, 
            "params": {
                "max_features": "auto", 
                "min_samples_split": 3, 
                "n_estimators": 100, 
                "max_depth": 6, 
                "min_samples_leaf": 1
            }, 
            "fitTimeStd": 0.075658589877304908, 
            "scoreStd": 0.0046373773663701571
        }, 
        {
            "scoreTimeStd": 0.015641824275533435, 
            "scoreTime": 0.59999999999999998, 
            "fitTime": 3.5703333333333336, 
            "score": 0.86439218187412659, 
            "params": {
                "max_features": "auto", 
                "min_samples_split": 3, 
                "n_estimators": 100, 
                "max_depth": 16, 
                "min_samples_leaf": 1
            }, 
            "fitTimeStd": 0.054658535980719035, 
            "scoreStd": 0.013526428377543497
        }
    ], 
    "gridBestScore": 0.89616894368042954, 
    "modelInputIsSparse": false
}