{
  "state": "DONE",
  "preSearchDescription": {
    "gridLength": 2,
    "importantParams": [
      {
        "name": "trees",
        "vals": [
          "100"
        ]
      },
      {
        "name": "depth",
        "vals": [
          "6",
          "16"
        ]
      },
      {
        "name": "min_samples",
        "vals": [
          "1"
        ]
      }
    ]
  },
  "postSearchDescription": {
    "importantParams": [
      {
        "name": "trees",
        "val": "100"
      },
      {
        "name": "depth",
        "val": "6"
      },
      {
        "name": "min_samples",
        "val": "1"
      }
    ]
  },
  "sampleWeightsEnabled": false,
  "modelId": "m1",
  "progress": {
    "top_level_todo": [],
    "stack": [],
    "top_level_done": [
      {
        "name": "Loading train set",
        "time": 51
      },
      {
        "name": "Loading test set",
        "time": 24
      },
      {
        "name": "Collecting statistics",
        "time": 7
      },
      {
        "name": "Preprocessing train set",
        "time": 15
      },
      {
        "name": "Preprocessing test set",
        "time": 13
      },
      {
        "name": "Grid searching",
        "time": 5025
      },
      {
        "name": "Fitting model",
        "time": 428
      },
      {
        "name": "Saving model",
        "time": 35
      },
      {
        "name": "Scoring model",
        "time": 1011
      }
    ]
  },
  "startTime": 1528278407623,
  "endTime": 1528278414234,
  "preprocessingTime": 112,
  "trainingTime": 6499
}