{
  "dashboardAuthorizations": {
    "allAuthorized": false,
    "authorizations": [
      {
        "objectRef": {
          "objectId": "westnile_data_prepared",
          "objectType": "DATASET"
        },
        "modes": [
          "READ"
        ]
      },
      {
        "objectRef": {
          "objectId": "westnile_data_final",
          "objectType": "DATASET"
        },
        "modes": [
          "READ"
        ]
      },
      {
        "objectRef": {
          "objectId": "westnile_data_after_2010",
          "objectType": "DATASET"
        },
        "modes": []
      },
      {
        "objectRef": {
          "objectId": "westnile_until_2009",
          "objectType": "DATASET"
        },
        "modes": []
      }
    ]
  },
  "exposedObjects": {
    "objects": []
  },
  "projectType": "REGULAR",
  "bundleExporterSettings": {
    "exportOptions": {
      "exportUploads": false,
      "exportManagedFS": false,
      "exportAnalysisModels": false,
      "exportSavedModels": false,
      "exportManagedFolders": false,
      "exportAllInputDatasets": false,
      "exportAllDatasets": false,
      "exportAllInputManagedFolders": false,
      "exportGitRepository": false,
      "exportInsightsData": false,
      "useManualPluginsInfo": false,
      "includedDatasetsData": [],
      "includedSavedModels": [
        {
          "id": "gSOkSUhk"
        }
      ],
      "includedManagedFolders": []
    }
  },
  "owner": "admin",
  "permissions": [],
  "additionalDashboardUsers": {
    "users": []
  },
  "tutorialProject": false,
  "settings": {
    "flowAnchorSourcesAndSinks": true,
    "gitCommitMode": "AUTO",
    "disableAutomaticTriggers": false,
    "integrations": {
      "integrations": []
    },
    "flowBuildSettings": {
      "mergeSparkPipelines": false,
      "pruneBeforeSparkPipelines": true
    },
    "limitsSettings": {
      "memSampleBytes": {
        "soft": -1,
        "hard": -1
      },
      "shakerMemTableBytes": {
        "soft": -1,
        "hard": -1
      },
      "attachmentBytes": {
        "soft": -1,
        "hard": -1
      }
    },
    "relocationSettings": {
      "sqlLikeRecipesInitializationMode": "RESOLVED_TABLE_REFERENCES"
    },
    "recipeEnginesPreferences": {
      "forbiddenEngines": [],
      "enginesPreferenceOrder": [],
      "forbiddenByRecipeType": {},
      "preferenceByRecipeType": {}
    },
    "codeEnvs": {
      "python": {
        "useBuiltinEnv": true,
        "preventOverride": false
      },
      "r": {
        "useBuiltinEnv": true,
        "preventOverride": false
      }
    },
    "datasetsCreationSettings": {
      "useGlobal": true,
      "preferedStorageFormats": "CSV_ESCAPING_NOGZIP_FORHIVE,CSV_EXCEL_GZIP,PARQUET_HIVE",
      "virtualizable": false
    },
    "hiveEngineCreationSettings": {
      "useGlobal": true,
      "executionEngine": "HIVECLI_LOCAL"
    },
    "sparkEngineCreationSettings": {
      "useGlobal": true
    },
    "impalaEngineCreationSettings": {
      "useGlobal": true,
      "streamMode": true
    },
    "cluster": {
      "clusterMode": "INHERIT"
    }
  },
  "name": "Westnile_virus_JY",
  "metrics": {
    "probes": [],
    "engineConfig": {
      "padRunsWithMetrics": false,
      "hive": {
        "active": true,
        "extraConf": []
      },
      "basic": {},
      "dss": {
        "active": true,
        "selection": {
          "useMemTable": false,
          "filter": {
            "distinct": false,
            "enabled": false
          },
          "partitionSelectionMethod": "ALL",
          "latestPartitionsN": 1,
          "ordering": {
            "enabled": false,
            "rules": []
          },
          "samplingMethod": "FULL",
          "maxRecords": -1,
          "targetRatio": 0.02,
          "withinFirstN": -1,
          "maxReadUncompressedBytes": -1
        }
      },
      "sql": {
        "active": true
      },
      "impala": {
        "active": true
      },
      "python": {}
    },
    "displayedState": {
      "columns": [],
      "metrics": []
    }
  },
  "metricsChecks": {
    "runOnBuild": false,
    "checks": [],
    "displayedState": {
      "checks": []
    }
  },
  "versionTag": {
    "versionNumber": 40,
    "lastModifiedBy": {
      "login": "admin"
    },
    "lastModifiedOn": 1528981391408
  },
  "creationTag": {
    "versionNumber": 0,
    "lastModifiedBy": {
      "login": "user0"
    },
    "lastModifiedOn": 1528059972846
  },
  "shortDesc": "The project *Westnile_virus_JY* was created by user0 on Jun 03rd 2018",
  "tags": [
    "imported"
  ],
  "checklists": {
    "checklists": [
      {
        "title": "Your new project\u0027s Todo",
        "createdOn": 0,
        "items": [
          {
            "done": true,
            "text": "Create the project",
            "createdOn": 1528059972847,
            "createdBy": "user0",
            "stateChangedOn": 0
          },
          {
            "done": false,
            "text": "Set a project image (click on the color next to the project title)",
            "createdOn": 1528059972847,
            "createdBy": "user0",
            "stateChangedOn": 0
          },
          {
            "done": false,
            "text": "Import your [first dataset](projects/WESTNILE_VIRUS_JY/datasets/new/)",
            "createdOn": 1528059972847,
            "createdBy": "user0",
            "stateChangedOn": 0
          },
          {
            "done": false,
            "text": "Invite [other users](projects/WESTNILE_VIRUS_JY/settings/security/permissions) to collaborate",
            "createdOn": 1528059972847,
            "createdBy": "user0",
            "stateChangedOn": 0
          },
          {
            "done": false,
            "text": "Organize your work by replacing this with a real todo",
            "createdOn": 1528059972847,
            "createdBy": "user0",
            "stateChangedOn": 0
          }
        ]
      }
    ]
  }
}