{
    "gridSize": 2, 
    "nThreads": 8, 
    "metric": "ROC_AUC", 
    "gridPoints": [
        {
            "index": 0, 
            "finishedAt": 1528273116765.0, 
            "score": 0.87927077581472324, 
            "parameters": {
                "max_features": "auto", 
                "min_samples_split": 3, 
                "n_estimators": 100, 
                "max_depth": 6, 
                "min_samples_leaf": 1
            }, 
            "time": 12645.0
        }, 
        {
            "index": 1, 
            "finishedAt": 1528273116845.0, 
            "score": 0.87885665188108153, 
            "parameters": {
                "max_features": "auto", 
                "min_samples_split": 3, 
                "n_estimators": 100, 
                "max_depth": 16, 
                "min_samples_leaf": 1
            }, 
            "time": 12801.0
        }
    ], 
    "startedAt": 1528273112510, 
    "nSplits": 3
}