{
  "state": "DONE",
  "postSearchDescription": {
    "importantParams": [
      {
        "name": "trees",
        "val": "100"
      },
      {
        "name": "depth",
        "val": "6"
      },
      {
        "name": "min_samples",
        "val": "1"
      }
    ]
  },
  "sampleWeightsEnabled": false,
  "progress": {
    "top_level_todo": [],
    "stack": [],
    "top_level_done": [
      {
        "name": "Loading train set",
        "time": 46
      },
      {
        "name": "Loading test set",
        "time": 37
      },
      {
        "name": "Collecting preprocessing data",
        "time": 74
      },
      {
        "name": "Preprocessing train set",
        "time": 107
      },
      {
        "name": "Preprocessing test set",
        "time": 56
      },
      {
        "name": "Grid searching",
        "time": 5045
      },
      {
        "name": "Fitting model",
        "time": 464
      },
      {
        "name": "Saving model",
        "time": 34
      },
      {
        "name": "Scoring model",
        "time": 970
      }
    ]
  },
  "startTime": 1528273112170,
  "endTime": 1528273119004,
  "preprocessingTime": 0,
  "trainingTime": 6834
}